Date,Price,Open,High,Low,Vol.,Change %
12/09/2025,0.665,0.6658,0.667,0.6629,,-0.14%
11/09/2025,0.6659,0.6614,0.6667,0.6592,,0.68%
10/09/2025,0.6614,0.6586,0.6637,0.658,,0.44%
9/09/2025,0.6585,0.6591,0.6621,0.6582,,-0.09%
8/09/2025,0.6591,0.6552,0.66,0.6545,,0.55%
7/09/2025,0.6555,0.6554,0.6556,0.6546,,-0.03%
5/09/2025,0.6557,0.6518,0.659,0.6512,,0.60%
4/09/2025,0.6518,0.6543,0.6551,0.6501,,-0.41%
3/09/2025,0.6545,0.652,0.6556,0.6502,,0.38%
2/09/2025,0.652,0.6554,0.656,0.6483,,-0.49%
1/09/2025,0.6552,0.6538,0.6562,0.6533,,0.17%
29/08/2025,0.6541,0.6532,0.655,0.6522,,0.14%
28/08/2025,0.6532,0.6505,0.6539,0.6502,,0.40%
27/08/2025,0.6506,0.6495,0.6514,0.6462,,0.17%
26/08/2025,0.6495,0.648,0.6502,0.647,,0.19%
25/08/2025,0.6483,0.6496,0.6506,0.6471,,-0.11%
22/08/2025,0.649,0.6426,0.6503,0.6414,,1.09%
21/08/2025,0.642,0.6429,0.6438,0.6414,,-0.22%
20/08/2025,0.6434,0.6458,0.6461,0.6423,,-0.31%
19/08/2025,0.6454,0.6494,0.6499,0.6449,,-0.59%
18/08/2025,0.6492,0.6509,0.6526,0.6481,,-0.23%
15/08/2025,0.6507,0.649,0.6524,0.6487,,0.18%
14/08/2025,0.6495,0.6546,0.657,0.6482,,-0.78%
13/08/2025,0.6546,0.6528,0.6564,0.6516,,0.26%
12/08/2025,0.6529,0.6513,0.6542,0.6481,,0.25%
11/08/2025,0.6513,0.652,0.6531,0.6501,,-0.20%
8/08/2025,0.6526,0.6519,0.6536,0.6511,,0.03%
7/08/2025,0.6524,0.6504,0.6543,0.6489,,0.32%
6/08/2025,0.6503,0.6468,0.651,0.6463,,0.46%
5/08/2025,0.6473,0.6467,0.6481,0.6449,,0.08%
4/08/2025,0.6468,0.6476,0.6491,0.6459,,-0.14%
1/08/2025,0.6477,0.6426,0.6494,0.6419,,0.79%
31/07/2025,0.6426,0.6434,0.6478,0.6424,,-0.11%
30/07/2025,0.6433,0.6513,0.653,0.6426,,-1.18%
29/07/2025,0.651,0.6519,0.6531,0.6496,,-0.17%
28/07/2025,0.6521,0.6566,0.6587,0.6513,,-0.70%
25/07/2025,0.6567,0.6593,0.66,0.6551,,-0.36%
24/07/2025,0.6591,0.66,0.6626,0.6586,,-0.17%
23/07/2025,0.6602,0.6554,0.6604,0.6546,,0.72%
22/07/2025,0.6555,0.6528,0.6559,0.6504,,0.46%
21/07/2025,0.6525,0.6522,0.6539,0.6498,,0.23%
18/07/2025,0.651,0.6486,0.6542,0.6483,,0.32%
17/07/2025,0.6489,0.653,0.6534,0.6454,,-0.60%
16/07/2025,0.6528,0.6513,0.6555,0.6495,,0.20%
15/07/2025,0.6515,0.6551,0.6577,0.6507,,-0.46%
14/07/2025,0.6545,0.6574,0.6588,0.6542,,-0.53%
11/07/2025,0.658,0.6587,0.6597,0.6556,,-0.11%
10/07/2025,0.6587,0.6536,0.6592,0.6528,,0.78%
9/07/2025,0.6536,0.6528,0.655,0.6509,,0.08%
8/07/2025,0.6531,0.6492,0.6558,0.649,,0.62%
7/07/2025,0.6491,0.6556,0.6566,0.6485,,-0.95%
4/07/2025,0.6553,0.6573,0.6581,0.6545,,-0.29%
3/07/2025,0.6572,0.6584,0.6588,0.6537,,-0.18%
2/07/2025,0.6584,0.6583,0.659,0.6543,,0.02%
1/07/2025,0.6583,0.6577,0.6592,0.6553,,0.03%
30/06/2025,0.6581,0.6526,0.6584,0.6522,,0.77%
27/06/2025,0.6531,0.6546,0.6563,0.6508,,-0.23%
26/06/2025,0.6546,0.6509,0.6565,0.6505,,0.51%
25/06/2025,0.6513,0.6488,0.6516,0.6484,,0.37%
24/06/2025,0.6489,0.646,0.6521,0.6456,,0.45%
23/06/2025,0.646,0.6438,0.6465,0.6372,,0.14%
20/06/2025,0.6451,0.6482,0.6497,0.6447,,-0.48%
19/06/2025,0.6482,0.6509,0.6513,0.6445,,-0.40%
18/06/2025,0.6508,0.6475,0.6538,0.6467,,0.51%
17/06/2025,0.6475,0.6524,0.6545,0.6466,,-0.75%
16/06/2025,0.6524,0.6492,0.6553,0.6466,,0.55%
13/06/2025,0.6488,0.6533,0.6535,0.6456,,-0.70%
12/06/2025,0.6534,0.6507,0.6535,0.6477,,0.51%
11/06/2025,0.6501,0.6524,0.6547,0.6495,,-0.32%
10/06/2025,0.6522,0.6517,0.6535,0.649,,0.08%
9/06/2025,0.6517,0.6492,0.6535,0.6488,,0.37%
6/06/2025,0.6493,0.6511,0.6518,0.6479,,-0.20%
5/06/2025,0.6506,0.6493,0.6539,0.6485,,0.22%
4/06/2025,0.6492,0.6458,0.6506,0.6448,,0.46%
3/06/2025,0.6462,0.6495,0.6501,0.6446,,-0.52%
2/06/2025,0.6496,0.6435,0.6502,0.6427,,1.00%
30/05/2025,0.6432,0.644,0.6454,0.6406,,-0.16%
29/05/2025,0.6442,0.6427,0.6461,0.6406,,0.23%
28/05/2025,0.6427,0.6443,0.6455,0.641,,-0.26%
27/05/2025,0.6444,0.6485,0.6497,0.6434,,-0.65%
26/05/2025,0.6486,0.6491,0.6539,0.6482,,-0.14%
23/05/2025,0.6495,0.6411,0.6501,0.6407,,1.31%
22/05/2025,0.6411,0.644,0.646,0.6406,,-0.39%
21/05/2025,0.6436,0.6422,0.6471,0.6418,,0.19%
20/05/2025,0.6424,0.6458,0.646,0.6391,,-0.51%
19/05/2025,0.6457,0.6412,0.6466,0.6396,,0.84%
16/05/2025,0.6403,0.6406,0.6438,0.6387,,-0.06%
15/05/2025,0.6407,0.6428,0.6459,0.639,,-0.33%
14/05/2025,0.6428,0.6471,0.6503,0.6422,,-0.66%
13/05/2025,0.6471,0.637,0.648,0.6361,,1.55%
12/05/2025,0.6372,0.643,0.6462,0.6356,,-0.62%
9/05/2025,0.6412,0.64,0.6434,0.6371,,0.19%
8/05/2025,0.64,0.6424,0.6466,0.6395,,-0.39%
7/05/2025,0.6425,0.6496,0.6516,0.6421,,-1.08%
6/05/2025,0.6495,0.647,0.6503,0.6438,,0.40%
5/05/2025,0.6469,0.6443,0.6495,0.6428,,0.39%
2/05/2025,0.6444,0.6382,0.6471,0.6379,,0.94%
1/05/2025,0.6384,0.6399,0.6428,0.6365,,-0.30%
30/04/2025,0.6403,0.6384,0.6419,0.6356,,0.30%
29/04/2025,0.6384,0.6431,0.6451,0.6376,,-0.75%
28/04/2025,0.6432,0.6383,0.6436,0.6366,,0.56%
25/04/2025,0.6396,0.6406,0.6421,0.6373,,-0.23%
24/04/2025,0.6411,0.6361,0.6415,0.6343,,0.79%
23/04/2025,0.6361,0.6366,0.6436,0.6349,,-0.06%
22/04/2025,0.6365,0.6415,0.6441,0.6361,,-0.78%
21/04/2025,0.6415,0.6375,0.6439,0.6368,,0.61%
18/04/2025,0.6376,0.6389,0.6395,0.6366,,-0.22%
17/04/2025,0.639,0.637,0.6395,0.6333,,0.33%
16/04/2025,0.6369,0.6344,0.6392,0.6322,,0.43%
15/04/2025,0.6342,0.6325,0.6384,0.6315,,0.27%
14/04/2025,0.6325,0.6302,0.6344,0.6275,,0.64%
11/04/2025,0.6285,0.6223,0.6301,0.6181,,1.01%
10/04/2025,0.6222,0.6153,0.6251,0.6116,,1.15%
9/04/2025,0.6151,0.5963,0.6177,0.5914,,3.31%
8/04/2025,0.5954,0.5987,0.6087,0.5946,,-0.50%
7/04/2025,0.5984,0.6044,0.6122,0.5931,,-0.94%
4/04/2025,0.6041,0.6327,0.6333,0.5986,,-4.52%
3/04/2025,0.6327,0.6299,0.639,0.6225,,0.48%
2/04/2025,0.6297,0.6277,0.6343,0.6258,,0.33%
1/04/2025,0.6276,0.6247,0.6284,0.6231,,0.48%
31/03/2025,0.6246,0.6291,0.6302,0.6219,,-0.65%
28/03/2025,0.6287,0.6305,0.6314,0.628,,-0.25%
27/03/2025,0.6303,0.6299,0.632,0.6279,,0.10%
26/03/2025,0.6297,0.6304,0.6332,0.6278,,-0.06%
25/03/2025,0.6301,0.6285,0.6326,0.6278,,0.25%
24/03/2025,0.6285,0.6274,0.6306,0.6263,,0.26%
21/03/2025,0.6269,0.6303,0.6308,0.6258,,-0.49%
20/03/2025,0.63,0.6358,0.6365,0.6271,,-0.90%
19/03/2025,0.6357,0.6362,0.6368,0.6321,,-0.06%
18/03/2025,0.6361,0.6385,0.6392,0.6344,,-0.33%
17/03/2025,0.6382,0.6325,0.6392,0.6314,,0.93%
14/03/2025,0.6323,0.6285,0.6332,0.6277,,0.62%
13/03/2025,0.6284,0.632,0.6335,0.6269,,-0.54%
12/03/2025,0.6318,0.6298,0.6324,0.6276,,0.32%
11/03/2025,0.6298,0.6279,0.6313,0.6259,,0.32%
10/03/2025,0.6278,0.6308,0.6333,0.6264,,-0.43%
7/03/2025,0.6305,0.6333,0.6339,0.6282,,-0.41%
6/03/2025,0.6331,0.6335,0.6365,0.6322,,-0.05%
5/03/2025,0.6334,0.6272,0.6344,0.6233,,1.00%
4/03/2025,0.6271,0.6223,0.6274,0.6187,,0.76%
3/03/2025,0.6224,0.6207,0.6256,0.6198,,0.27%
28/02/2025,0.6207,0.6236,0.624,0.6192,,-0.42%
27/02/2025,0.6233,0.6306,0.6316,0.6231,,-1.16%
26/02/2025,0.6306,0.6344,0.6355,0.6296,,-0.58%
25/02/2025,0.6343,0.635,0.6358,0.6321,,-0.08%
24/02/2025,0.6348,0.6354,0.6393,0.6344,,-0.11%
21/02/2025,0.6355,0.6399,0.641,0.6351,,-0.67%
20/02/2025,0.6398,0.6345,0.6405,0.6327,,0.85%
19/02/2025,0.6344,0.6353,0.6372,0.6336,,-0.09%
18/02/2025,0.635,0.6355,0.6369,0.6334,,-0.05%
17/02/2025,0.6353,0.6357,0.6376,0.6344,,0.05%
14/02/2025,0.635,0.6318,0.6369,0.631,,0.55%
13/02/2025,0.6315,0.6286,0.6324,0.6254,,0.57%
12/02/2025,0.6279,0.6295,0.6311,0.6235,,-0.24%
11/02/2025,0.6294,0.6278,0.6303,0.626,,0.30%
10/02/2025,0.6275,0.6271,0.6289,0.6231,,0.06%
7/02/2025,0.6271,0.628,0.6301,0.6253,,-0.19%
6/02/2025,0.6283,0.6285,0.629,0.6254,,-0.03%
5/02/2025,0.6285,0.625,0.6298,0.624,,0.51%
4/02/2025,0.6253,0.6226,0.6263,0.617,,0.43%
3/02/2025,0.6226,0.6211,0.6238,0.6087,,0.24%
31/01/2025,0.6211,0.621,0.6264,0.6202,,0.06%
30/01/2025,0.6207,0.623,0.6245,0.6199,,-0.37%
29/01/2025,0.623,0.6254,0.6257,0.621,,-0.34%
28/01/2025,0.6251,0.6293,0.6295,0.6237,,-0.64%
27/01/2025,0.6291,0.6321,0.6324,0.6275,,-0.29%
24/01/2025,0.6309,0.6286,0.6332,0.6278,,0.38%
23/01/2025,0.6285,0.6274,0.6301,0.6255,,0.19%
22/01/2025,0.6273,0.6275,0.6297,0.6253,,0.03%
21/01/2025,0.6271,0.6276,0.629,0.6209,,-0.05%
20/01/2025,0.6274,0.62,0.6288,0.6189,,1.36%
17/01/2025,0.619,0.6213,0.6229,0.6164,,-0.35%
16/01/2025,0.6212,0.6227,0.6245,0.6192,,-0.22%
15/01/2025,0.6226,0.6195,0.6248,0.6181,,0.55%
14/01/2025,0.6192,0.6178,0.6209,0.6165,,0.24%
13/01/2025,0.6177,0.615,0.6179,0.6131,,0.52%
10/01/2025,0.6145,0.6199,0.6207,0.6139,,-0.78%
9/01/2025,0.6193,0.6215,0.6218,0.6172,,-0.35%
8/01/2025,0.6215,0.6231,0.6244,0.6187,,-0.22%
7/01/2025,0.6229,0.6247,0.629,0.6228,,-0.22%
6/01/2025,0.6243,0.6215,0.6304,0.6205,,0.50%
3/01/2025,0.6212,0.6205,0.6227,0.6198,,0.15%
2/01/2025,0.6203,0.6187,0.6224,0.6183,,0.21%
1/01/2025,0.619,0.6188,0.6194,0.6183,,0.05%
31/12/2024,0.6187,0.6221,0.6233,0.6179,,-0.50%
30/12/2024,0.6218,0.621,0.6248,0.6202,,0.05%
27/12/2024,0.6215,0.6221,0.6229,0.62,,-0.08%
26/12/2024,0.622,0.6236,0.6256,0.6216,,-0.27%
25/12/2024,0.6237,0.6243,0.6248,0.6229,,0.02%
24/12/2024,0.6236,0.6249,0.6254,0.6224,,-0.16%
23/12/2024,0.6246,0.6266,0.6271,0.6219,,-0.06%
20/12/2024,0.625,0.624,0.6276,0.6214,,0.22%
19/12/2024,0.6236,0.6218,0.6266,0.6198,,0.31%
18/12/2024,0.6217,0.6339,0.6341,0.6214,,-1.88%
17/12/2024,0.6336,0.6369,0.6379,0.6331,,-0.53%
16/12/2024,0.637,0.636,0.6384,0.6345,,0.14%
13/12/2024,0.6361,0.6369,0.6384,0.6352,,-0.09%
12/12/2024,0.6367,0.6369,0.6431,0.6361,,-0.02%
11/12/2024,0.6368,0.6378,0.6391,0.6336,,-0.11%
10/12/2024,0.6375,0.644,0.6444,0.6365,,-0.96%
9/12/2024,0.6437,0.6392,0.6473,0.6379,,0.75%
6/12/2024,0.6389,0.6453,0.6457,0.6372,,-0.95%
5/12/2024,0.645,0.643,0.6456,0.6421,,0.34%
4/12/2024,0.6428,0.6486,0.649,0.6399,,-0.85%
3/12/2024,0.6483,0.6474,0.6506,0.6455,,0.19%
2/12/2024,0.6471,0.6516,0.6527,0.6443,,-0.60%
29/11/2024,0.651,0.6499,0.6529,0.6492,,0.17%
28/11/2024,0.6499,0.6497,0.6511,0.6477,,0.06%
27/11/2024,0.6495,0.6475,0.6502,0.6464,,0.36%
26/11/2024,0.6472,0.6504,0.6508,0.6434,,-0.46%
25/11/2024,0.6508,0.6539,0.6551,0.6499,,-0.48%
24/11/2024,0.6539,0.6535,0.6549,0.6526,,0.59%
22/11/2024,0.6501,0.651,0.6521,0.6469,,-0.15%
21/11/2024,0.6511,0.65,0.6532,0.6495,,0.12%
20/11/2024,0.6503,0.6531,0.6544,0.6482,,-0.43%
19/11/2024,0.6531,0.6507,0.6533,0.648,,0.37%
18/11/2024,0.6507,0.6452,0.6511,0.6446,,0.71%
15/11/2024,0.6461,0.6452,0.6481,0.6441,,0.14%
14/11/2024,0.6452,0.6487,0.6497,0.6439,,-0.51%
13/11/2024,0.6485,0.6534,0.6545,0.6478,,-0.73%
12/11/2024,0.6533,0.6572,0.6581,0.6511,,-0.62%
11/11/2024,0.6574,0.6582,0.6598,0.6561,,-0.09%
8/11/2024,0.658,0.6672,0.6681,0.6556,,-1.47%
7/11/2024,0.6678,0.6566,0.6687,0.6562,,1.67%
6/11/2024,0.6568,0.6636,0.6644,0.651,,-1.01%
5/11/2024,0.6635,0.6584,0.6641,0.6576,,0.77%
4/11/2024,0.6584,0.6568,0.6619,0.6568,,0.38%
1/11/2024,0.6559,0.658,0.6591,0.6552,,-0.33%
31/10/2024,0.6581,0.6571,0.6584,0.6538,,0.15%
30/10/2024,0.6571,0.656,0.6596,0.6534,,0.17%
29/10/2024,0.656,0.6581,0.6586,0.6543,,-0.35%
28/10/2024,0.6583,0.6607,0.6624,0.6577,,-0.30%
25/10/2024,0.6603,0.6639,0.6646,0.6599,,-0.56%
24/10/2024,0.664,0.6633,0.6661,0.6619,,0.11%
23/10/2024,0.6633,0.6682,0.6691,0.6613,,-0.72%
22/10/2024,0.6681,0.6658,0.6694,0.6648,,0.35%
21/10/2024,0.6658,0.6698,0.6723,0.6652,,-0.72%
18/10/2024,0.6706,0.6696,0.6719,0.669,,0.15%
17/10/2024,0.6696,0.6665,0.671,0.6657,,0.45%
16/10/2024,0.6666,0.6703,0.6707,0.6656,,-0.54%
15/10/2024,0.6702,0.6725,0.6732,0.6696,,-0.34%
14/10/2024,0.6725,0.6737,0.6746,0.67,,-0.37%
11/10/2024,0.675,0.6738,0.6759,0.6722,,0.16%
10/10/2024,0.6739,0.672,0.6742,0.6709,,0.33%
9/10/2024,0.6717,0.6744,0.6761,0.6705,,-0.42%
8/10/2024,0.6745,0.6757,0.6769,0.6713,,-0.18%
7/10/2024,0.6757,0.6787,0.681,0.6741,,-0.54%
4/10/2024,0.6794,0.684,0.6852,0.6783,,-0.66%
3/10/2024,0.6839,0.6881,0.6888,0.6828,,-0.65%
2/10/2024,0.6884,0.6883,0.6915,0.6873,,0.03%
1/10/2024,0.6882,0.6912,0.6934,0.6854,,-0.45%
30/09/2024,0.6913,0.691,0.6942,0.6891,,0.16%
27/09/2024,0.6902,0.6895,0.6937,0.6866,,0.10%
26/09/2024,0.6895,0.6823,0.6904,0.6817,,1.07%
25/09/2024,0.6822,0.6892,0.6908,0.6816,,-1.00%
24/09/2024,0.6891,0.6838,0.6893,0.6812,,0.78%
23/09/2024,0.6838,0.6801,0.6853,0.6782,,0.47%
20/09/2024,0.6806,0.6814,0.6828,0.6781,,-0.12%
19/09/2024,0.6814,0.6763,0.6839,0.6735,,0.75%
18/09/2024,0.6763,0.6754,0.682,0.6741,,0.12%
17/09/2024,0.6755,0.6751,0.6768,0.6739,,0.06%
16/09/2024,0.6751,0.6705,0.6753,0.6689,,0.72%
13/09/2024,0.6703,0.6721,0.6732,0.669,,-0.28%
12/09/2024,0.6722,0.6672,0.6725,0.6655,,0.75%
11/09/2024,0.6672,0.6654,0.6675,0.662,,0.32%
10/09/2024,0.6651,0.6658,0.6676,0.6639,,-0.14%
9/09/2024,0.666,0.6656,0.6688,0.6646,,-0.15%
6/09/2024,0.667,0.6735,0.6767,0.6657,,-1.04%
5/09/2024,0.674,0.6724,0.6741,0.6711,,0.24%
4/09/2024,0.6724,0.6711,0.6749,0.6684,,0.22%
3/09/2024,0.6709,0.679,0.6792,0.6706,,-1.19%
2/09/2024,0.679,0.6762,0.6794,0.6754,,0.38%
30/08/2024,0.6764,0.6796,0.6816,0.6749,,-0.49%
29/08/2024,0.6797,0.6784,0.6823,0.6778,,0.18%
28/08/2024,0.6785,0.6792,0.6812,0.6763,,-0.10%
27/08/2024,0.6792,0.6771,0.6795,0.6759,,0.31%
26/08/2024,0.6771,0.6776,0.6797,0.6765,,-0.31%
23/08/2024,0.6792,0.6701,0.6798,0.6699,,1.31%
22/08/2024,0.6704,0.6745,0.6752,0.6695,,-0.56%
21/08/2024,0.6742,0.6743,0.676,0.6729,,0.01%
20/08/2024,0.6741,0.6727,0.6749,0.6711,,0.19%
19/08/2024,0.6728,0.6667,0.6733,0.6657,,0.93%
16/08/2024,0.6666,0.6611,0.6671,0.6606,,0.82%
15/08/2024,0.6612,0.6595,0.6634,0.6569,,0.24%
14/08/2024,0.6596,0.6631,0.6642,0.6594,,-0.53%
13/08/2024,0.6631,0.6585,0.6637,0.6576,,0.70%
12/08/2024,0.6585,0.6568,0.6605,0.6563,,0.20%
9/08/2024,0.6572,0.6592,0.6605,0.6564,,-0.30%
8/08/2024,0.6592,0.6516,0.6593,0.6505,,1.15%
7/08/2024,0.6517,0.6514,0.6574,0.6507,,-0.02%
6/08/2024,0.6518,0.6496,0.6541,0.647,,0.35%
5/08/2024,0.6495,0.6505,0.652,0.6346,,-0.22%
2/08/2024,0.6509,0.6499,0.6547,0.6484,,0.17%
1/08/2024,0.6498,0.6538,0.6559,0.6487,,-0.64%
31/07/2024,0.654,0.6537,0.6555,0.6477,,0.05%
30/07/2024,0.6537,0.6548,0.6562,0.6526,,-0.17%
29/07/2024,0.6548,0.6543,0.6568,0.6522,,0.00%
26/07/2024,0.6548,0.6536,0.6568,0.6533,,0.15%
25/07/2024,0.6538,0.658,0.6582,0.6512,,-0.65%
24/07/2024,0.6581,0.6615,0.6617,0.6576,,-0.50%
23/07/2024,0.6614,0.6642,0.6645,0.6609,,-0.42%
22/07/2024,0.6642,0.6681,0.6702,0.663,,-0.60%
19/07/2024,0.6682,0.6704,0.6709,0.6679,,-0.34%
18/07/2024,0.6705,0.6728,0.6743,0.6696,,-0.33%
17/07/2024,0.6727,0.6732,0.6754,0.6719,,-0.09%
16/07/2024,0.6733,0.6759,0.6764,0.6712,,-0.38%
15/07/2024,0.6759,0.6769,0.6788,0.675,,-0.35%
12/07/2024,0.6783,0.6757,0.6793,0.6751,,0.36%
11/07/2024,0.6759,0.6747,0.6798,0.6741,,0.18%
10/07/2024,0.6747,0.6738,0.6751,0.673,,0.10%
9/07/2024,0.674,0.6735,0.6747,0.6722,,0.06%
8/07/2024,0.6736,0.6749,0.6761,0.673,,-0.19%
5/07/2024,0.6749,0.6725,0.6752,0.671,,0.33%
4/07/2024,0.6727,0.6704,0.6731,0.6701,,0.34%
3/07/2024,0.6704,0.6665,0.6733,0.6662,,0.57%
2/07/2024,0.6666,0.6658,0.667,0.6632,,0.11%
1/07/2024,0.6659,0.6667,0.6687,0.6642,,-0.12%
28/06/2024,0.6667,0.6646,0.6684,0.6617,,0.33%
27/06/2024,0.6645,0.6646,0.6672,0.6637,,-0.02%
26/06/2024,0.6646,0.6646,0.6688,0.6633,,0.02%
25/06/2024,0.6645,0.6654,0.6672,0.6633,,-0.17%
24/06/2024,0.6656,0.6639,0.6667,0.6624,,0.26%
21/06/2024,0.6639,0.6653,0.6669,0.6629,,-0.23%
20/06/2024,0.6654,0.667,0.6679,0.6646,,-0.25%
19/06/2024,0.6671,0.6655,0.6677,0.6652,,0.24%
18/06/2024,0.6655,0.6608,0.6657,0.6598,,0.65%
17/06/2024,0.6612,0.6614,0.6619,0.6583,,-0.03%
14/06/2024,0.6614,0.6634,0.6641,0.659,,-0.32%
13/06/2024,0.6635,0.6662,0.6675,0.6624,,-0.42%
12/06/2024,0.6663,0.6604,0.6704,0.6595,,0.80%
11/06/2024,0.661,0.6609,0.6613,0.6586,,0.02%
10/06/2024,0.6609,0.6578,0.6611,0.6574,,0.41%
7/06/2024,0.6582,0.6664,0.668,0.6577,,-1.25%
6/06/2024,0.6665,0.6648,0.6683,0.6632,,0.27%
5/06/2024,0.6647,0.6645,0.6664,0.6624,,0.05%
4/06/2024,0.6644,0.6687,0.6698,0.6629,,-0.66%
3/06/2024,0.6688,0.6652,0.6694,0.663,,0.54%
31/05/2024,0.6652,0.6632,0.6672,0.6625,,0.30%
30/05/2024,0.6632,0.6609,0.6647,0.6588,,0.32%
29/05/2024,0.6611,0.6647,0.6665,0.6607,,-0.56%
28/05/2024,0.6648,0.6652,0.6679,0.6641,,-0.05%
27/05/2024,0.6651,0.662,0.6659,0.6619,,0.36%
24/05/2024,0.6627,0.6604,0.6636,0.6589,,0.32%
23/05/2024,0.6606,0.6617,0.6652,0.6596,,-0.18%
22/05/2024,0.6618,0.6664,0.6685,0.6606,,-0.69%
21/05/2024,0.6664,0.6667,0.6678,0.6645,,-0.04%
20/05/2024,0.6667,0.6692,0.6709,0.666,,-0.37%
17/05/2024,0.6692,0.6678,0.67,0.6646,,0.22%
16/05/2024,0.6677,0.6692,0.6714,0.6652,,-0.22%
15/05/2024,0.6692,0.6626,0.6694,0.6619,,1.04%
14/05/2024,0.6623,0.6608,0.6627,0.6578,,0.24%
13/05/2024,0.6607,0.6601,0.6628,0.6583,,0.09%
10/05/2024,0.6601,0.6618,0.6622,0.6594,,-0.27%
9/05/2024,0.6619,0.6577,0.6621,0.6563,,0.62%
8/05/2024,0.6578,0.6596,0.6599,0.6556,,-0.27%
7/05/2024,0.6596,0.662,0.6643,0.6584,,-0.42%
6/05/2024,0.6624,0.6621,0.6638,0.6603,,0.24%
3/05/2024,0.6608,0.6562,0.6647,0.656,,0.69%
2/05/2024,0.6563,0.652,0.6573,0.6513,,0.61%
1/05/2024,0.6523,0.647,0.6539,0.6463,,0.79%
30/04/2024,0.6472,0.6562,0.6567,0.6471,,-1.43%
29/04/2024,0.6566,0.6533,0.6586,0.6518,,0.51%
26/04/2024,0.6533,0.6517,0.6554,0.6515,,0.25%
25/04/2024,0.6517,0.6495,0.6538,0.6483,,0.31%
24/04/2024,0.6497,0.6486,0.6529,0.648,,0.19%
23/04/2024,0.6485,0.6448,0.649,0.6439,,0.56%
22/04/2024,0.6449,0.6408,0.6455,0.6406,,0.50%
19/04/2024,0.6417,0.6421,0.6432,0.636,,-0.05%
18/04/2024,0.642,0.6437,0.6456,0.6414,,-0.22%
17/04/2024,0.6434,0.6402,0.6446,0.6398,,0.52%
16/04/2024,0.6401,0.6439,0.6445,0.6388,,-0.62%
15/04/2024,0.6441,0.6463,0.6493,0.6436,,-0.34%
12/04/2024,0.6463,0.6537,0.6543,0.6454,,-1.12%
11/04/2024,0.6536,0.6509,0.6552,0.6499,,0.40%
10/04/2024,0.651,0.6629,0.6631,0.6497,,-1.77%
9/04/2024,0.6627,0.6601,0.6644,0.6595,,0.36%
8/04/2024,0.6603,0.6578,0.661,0.6557,,0.38%
5/04/2024,0.6578,0.6588,0.6592,0.6548,,-0.14%
4/04/2024,0.6587,0.6563,0.6619,0.6559,,0.37%
3/04/2024,0.6563,0.6513,0.6569,0.65,,0.71%
2/04/2024,0.6517,0.6487,0.6523,0.648,,0.45%
1/04/2024,0.6488,0.651,0.6538,0.6479,,-0.51%
29/03/2024,0.6521,0.6515,0.6533,0.6502,,0.09%
28/03/2024,0.6515,0.6534,0.6541,0.6483,,-0.28%
27/03/2024,0.6533,0.6533,0.6538,0.6509,,0.02%
26/03/2024,0.6532,0.6538,0.6559,0.6528,,-0.11%
25/03/2024,0.6539,0.6511,0.6546,0.6505,,0.38%
22/03/2024,0.6514,0.6568,0.6578,0.6508,,-0.84%
21/03/2024,0.6569,0.6585,0.6634,0.6559,,-0.24%
20/03/2024,0.6585,0.6532,0.6587,0.6509,,0.86%
19/03/2024,0.6529,0.6557,0.6564,0.6502,,-0.46%
18/03/2024,0.6559,0.6557,0.6574,0.6548,,-0.02%
15/03/2024,0.656,0.6578,0.6584,0.655,,-0.30%
14/03/2024,0.658,0.6621,0.6631,0.6567,,-0.60%
13/03/2024,0.662,0.6603,0.6635,0.6598,,0.23%
12/03/2024,0.6605,0.6612,0.6638,0.6583,,-0.14%
11/03/2024,0.6614,0.6619,0.663,0.6594,,-0.20%
8/03/2024,0.6627,0.6618,0.6667,0.6611,,0.17%
7/03/2024,0.6616,0.6564,0.6624,0.6559,,0.81%
6/03/2024,0.6563,0.6501,0.6581,0.649,,0.92%
5/03/2024,0.6503,0.6512,0.6521,0.6476,,-0.12%
4/03/2024,0.6511,0.6519,0.6535,0.6505,,-0.18%
1/03/2024,0.6523,0.6497,0.6534,0.6488,,0.43%
29/02/2024,0.6495,0.6494,0.6531,0.6485,,-0.02%
28/02/2024,0.6496,0.6545,0.6549,0.6487,,-0.72%
27/02/2024,0.6543,0.654,0.6558,0.6523,,0.05%
26/02/2024,0.654,0.6547,0.6568,0.6529,,-0.30%
23/02/2024,0.656,0.6555,0.658,0.6548,,0.11%
22/02/2024,0.6553,0.655,0.6595,0.6538,,0.05%
21/02/2024,0.655,0.6547,0.6573,0.6531,,0.03%
20/02/2024,0.6548,0.654,0.6578,0.6519,,0.17%
19/02/2024,0.6537,0.6527,0.6551,0.6521,,0.09%
16/02/2024,0.6531,0.6522,0.6544,0.6495,,0.11%
15/02/2024,0.6524,0.6488,0.6529,0.6475,,0.52%
14/02/2024,0.649,0.6451,0.6495,0.6444,,0.59%
13/02/2024,0.6452,0.653,0.6535,0.6441,,-1.18%
12/02/2024,0.6529,0.6511,0.6543,0.6504,,0.09%
9/02/2024,0.6523,0.6493,0.6534,0.6485,,0.49%
8/02/2024,0.6491,0.6519,0.6532,0.6478,,-0.41%
7/02/2024,0.6518,0.6523,0.654,0.6514,,-0.08%
6/02/2024,0.6523,0.6481,0.6525,0.6475,,0.63%
5/02/2024,0.6482,0.6506,0.652,0.6467,,-0.46%
2/02/2024,0.6512,0.657,0.661,0.6501,,-0.87%
1/02/2024,0.6569,0.6564,0.6578,0.6506,,0.06%
31/01/2024,0.6565,0.6601,0.6622,0.655,,-0.55%
30/01/2024,0.6601,0.661,0.6624,0.6573,,-0.14%
29/01/2024,0.661,0.657,0.6615,0.6567,,0.55%
26/01/2024,0.6574,0.6583,0.6609,0.6571,,-0.11%
25/01/2024,0.6581,0.6574,0.6609,0.6564,,0.08%
24/01/2024,0.6576,0.6579,0.6621,0.6563,,-0.03%
23/01/2024,0.6578,0.657,0.6612,0.6549,,0.12%
22/01/2024,0.657,0.6586,0.6613,0.6564,,-0.41%
19/01/2024,0.6597,0.6571,0.6601,0.6563,,0.41%
18/01/2024,0.657,0.6552,0.6574,0.6524,,0.31%
17/01/2024,0.655,0.6583,0.6594,0.6523,,-0.50%
16/01/2024,0.6583,0.6658,0.6664,0.6575,,-1.16%
15/01/2024,0.666,0.6679,0.6704,0.6648,,-0.37%
12/01/2024,0.6685,0.6683,0.6728,0.6675,,-0.03%
11/01/2024,0.6687,0.6695,0.6725,0.6645,,-0.16%
10/01/2024,0.6698,0.6683,0.6713,0.6677,,0.24%
9/01/2024,0.6682,0.6715,0.6734,0.6675,,-0.54%
8/01/2024,0.6718,0.6708,0.6734,0.6675,,0.07%
5/01/2024,0.6713,0.671,0.6748,0.6639,,0.12%
4/01/2024,0.6705,0.6732,0.676,0.6694,,-0.36%
3/01/2024,0.6729,0.6763,0.677,0.67,,-0.46%
2/01/2024,0.676,0.6814,0.6839,0.6754,,-0.75%
1/01/2024,0.6811,0.681,0.682,0.6804,,0.01%
29/12/2023,0.681,0.6829,0.6846,0.6779,,-0.28%
28/12/2023,0.6829,0.6844,0.6871,0.6822,,-0.20%
27/12/2023,0.6843,0.6822,0.6851,0.6816,,0.28%
26/12/2023,0.6824,0.681,0.6826,0.6792,,0.41%
25/12/2023,0.6796,0.6795,0.6812,0.6772,,-0.04%
22/12/2023,0.6799,0.6801,0.6824,0.6771,,-0.03%
21/12/2023,0.6801,0.673,0.6803,0.6723,,1.07%
20/12/2023,0.6729,0.6763,0.6779,0.6722,,-0.47%
19/12/2023,0.6761,0.6708,0.6774,0.6698,,0.84%
18/12/2023,0.6705,0.6691,0.6735,0.6688,,0.13%
15/12/2023,0.6696,0.6699,0.6728,0.6662,,-0.01%
14/12/2023,0.6697,0.6661,0.6728,0.6652,,0.59%
13/12/2023,0.6658,0.6557,0.6673,0.6539,,1.51%
12/12/2023,0.6559,0.6567,0.6612,0.6538,,-0.09%
11/12/2023,0.6565,0.6573,0.6583,0.6548,,-0.18%
8/12/2023,0.6577,0.6601,0.6619,0.6556,,-0.36%
7/12/2023,0.6601,0.6547,0.6619,0.6523,,0.79%
6/12/2023,0.6549,0.6551,0.6597,0.6545,,-0.02%
5/12/2023,0.655,0.6619,0.6625,0.6542,,-1.04%
4/12/2023,0.6619,0.6662,0.669,0.6602,,-0.79%
1/12/2023,0.6672,0.6605,0.6676,0.6597,,1.01%
30/11/2023,0.6605,0.6617,0.665,0.6569,,-0.18%
29/11/2023,0.6617,0.6648,0.6676,0.6604,,-0.47%
28/11/2023,0.6648,0.6604,0.6665,0.6594,,0.64%
27/11/2023,0.6606,0.6578,0.6613,0.6564,,0.36%
24/11/2023,0.6582,0.6555,0.659,0.6547,,0.38%
23/11/2023,0.6557,0.6542,0.6574,0.6538,,0.24%
22/11/2023,0.6541,0.6555,0.6569,0.652,,-0.20%
21/11/2023,0.6554,0.6554,0.6589,0.6542,,-0.03%
20/11/2023,0.6556,0.65,0.6565,0.6498,,0.74%
17/11/2023,0.6508,0.6466,0.6516,0.645,,0.59%
16/11/2023,0.647,0.6505,0.6517,0.6458,,-0.54%
15/11/2023,0.6505,0.6505,0.6541,0.6481,,-0.02%
14/11/2023,0.6506,0.6376,0.6512,0.6358,,1.97%
13/11/2023,0.638,0.6343,0.6391,0.6342,,0.25%
10/11/2023,0.6364,0.6367,0.6372,0.6337,,-0.02%
9/11/2023,0.6365,0.6402,0.6428,0.6362,,-0.56%
8/11/2023,0.6401,0.6431,0.6449,0.6395,,-0.53%
7/11/2023,0.6435,0.649,0.6501,0.6402,,-0.82%
6/11/2023,0.6488,0.6499,0.6522,0.6483,,-0.37%
3/11/2023,0.6512,0.6433,0.6518,0.6418,,1.21%
2/11/2023,0.6434,0.6393,0.6456,0.6387,,0.66%
1/11/2023,0.6392,0.6335,0.6399,0.6316,,0.88%
31/10/2023,0.6336,0.6372,0.6377,0.6312,,-0.60%
30/10/2023,0.6374,0.6332,0.6383,0.6329,,0.63%
27/10/2023,0.6334,0.6322,0.6368,0.6317,,0.21%
26/10/2023,0.6321,0.6307,0.633,0.6268,,0.21%
25/10/2023,0.6308,0.6355,0.6399,0.6303,,-0.74%
24/10/2023,0.6355,0.6335,0.6379,0.633,,0.32%
23/10/2023,0.6335,0.6309,0.6348,0.6287,,0.36%
20/10/2023,0.6312,0.6332,0.6332,0.6295,,-0.25%
19/10/2023,0.6328,0.6334,0.6356,0.6293,,-0.13%
18/10/2023,0.6336,0.6363,0.6393,0.6326,,-0.42%
17/10/2023,0.6363,0.6342,0.6379,0.6332,,0.36%
16/10/2023,0.634,0.6289,0.6344,0.6288,,0.78%
13/10/2023,0.6291,0.6313,0.6334,0.6284,,-0.36%
12/10/2023,0.6314,0.6413,0.643,0.6305,,-1.54%
11/10/2023,0.6413,0.6431,0.6445,0.6386,,-0.28%
10/10/2023,0.6431,0.6411,0.6433,0.6388,,0.33%
9/10/2023,0.641,0.6357,0.6414,0.6341,,0.42%
6/10/2023,0.6383,0.6367,0.64,0.6311,,0.22%
5/10/2023,0.6369,0.6323,0.6377,0.6315,,0.73%
4/10/2023,0.6323,0.6302,0.6342,0.6285,,0.35%
3/10/2023,0.6301,0.6362,0.6367,0.6283,,-0.96%
2/10/2023,0.6362,0.6425,0.6445,0.6361,,-1.12%
29/09/2023,0.6434,0.6424,0.6501,0.6419,,0.17%
28/09/2023,0.6423,0.6353,0.6432,0.6342,,1.12%
27/09/2023,0.6352,0.6399,0.6409,0.6329,,-0.69%
26/09/2023,0.6396,0.6421,0.643,0.6385,,-0.42%
25/09/2023,0.6423,0.6439,0.6446,0.6402,,-0.28%
22/09/2023,0.6441,0.6417,0.6465,0.6401,,0.37%
21/09/2023,0.6417,0.6447,0.6452,0.6383,,-0.43%
20/09/2023,0.6445,0.6453,0.6511,0.6437,,-0.14%
19/09/2023,0.6454,0.6437,0.6473,0.6425,,0.31%
18/09/2023,0.6434,0.6431,0.6449,0.6415,,0.03%
15/09/2023,0.6432,0.6439,0.6473,0.6422,,-0.11%
14/09/2023,0.6439,0.6424,0.6459,0.6412,,0.28%
13/09/2023,0.6421,0.6424,0.6434,0.6379,,-0.05%
12/09/2023,0.6424,0.6433,0.644,0.6406,,-0.11%
11/09/2023,0.6431,0.6382,0.6449,0.6369,,0.88%
8/09/2023,0.6375,0.6376,0.6414,0.6365,,-0.02%
7/09/2023,0.6376,0.6377,0.6394,0.636,,-0.09%
6/09/2023,0.6382,0.638,0.6404,0.6355,,0.08%
5/09/2023,0.6377,0.6454,0.6464,0.6355,,-1.25%
4/09/2023,0.6458,0.6446,0.648,0.6437,,0.12%
1/09/2023,0.645,0.6481,0.6521,0.6436,,-0.51%
31/08/2023,0.6483,0.6473,0.6507,0.6459,,0.11%
30/08/2023,0.6476,0.6482,0.6522,0.6448,,-0.09%
29/08/2023,0.6482,0.6423,0.6486,0.6399,,0.82%
28/08/2023,0.6429,0.6398,0.6439,0.6398,,0.45%
25/08/2023,0.64,0.6417,0.6441,0.6379,,-0.30%
24/08/2023,0.6419,0.648,0.6488,0.641,,-0.88%
23/08/2023,0.6476,0.6423,0.6481,0.6409,,0.86%
22/08/2023,0.6421,0.6411,0.6457,0.6401,,0.14%
21/08/2023,0.6412,0.6405,0.6421,0.6386,,0.16%
18/08/2023,0.6402,0.6403,0.6429,0.6377,,-0.02%
17/08/2023,0.6403,0.6427,0.645,0.6363,,-0.31%
16/08/2023,0.6423,0.6457,0.648,0.6415,,-0.48%
15/08/2023,0.6454,0.6489,0.6522,0.645,,-0.46%
14/08/2023,0.6484,0.6492,0.6506,0.6452,,-0.22%
11/08/2023,0.6498,0.6517,0.6533,0.6484,,-0.23%
10/08/2023,0.6513,0.6527,0.6616,0.6512,,-0.20%
9/08/2023,0.6526,0.6543,0.6571,0.6518,,-0.26%
8/08/2023,0.6543,0.657,0.6576,0.6494,,-0.44%
7/08/2023,0.6572,0.6559,0.6593,0.6553,,0.05%
4/08/2023,0.6569,0.6554,0.6609,0.654,,0.26%
3/08/2023,0.6552,0.6538,0.6568,0.6511,,0.21%
2/08/2023,0.6538,0.6613,0.6629,0.6525,,-1.10%
1/08/2023,0.6611,0.6717,0.6723,0.66,,-1.62%
31/07/2023,0.672,0.6648,0.6739,0.664,,1.07%
28/07/2023,0.6649,0.6708,0.6713,0.662,,-0.85%
27/07/2023,0.6706,0.6759,0.6821,0.6697,,-0.74%
26/07/2023,0.6756,0.6786,0.6793,0.6727,,-0.49%
25/07/2023,0.6789,0.6736,0.6794,0.6723,,0.74%
24/07/2023,0.6739,0.6721,0.6756,0.6712,,0.18%
21/07/2023,0.6727,0.6779,0.6787,0.672,,-0.77%
20/07/2023,0.6779,0.6772,0.6846,0.6763,,0.07%
19/07/2023,0.6774,0.6813,0.682,0.6749,,-0.59%
18/07/2023,0.6814,0.6816,0.6837,0.6787,,-0.01%
17/07/2023,0.6815,0.683,0.6849,0.6786,,-0.32%
14/07/2023,0.6837,0.6886,0.6894,0.683,,-0.73%
13/07/2023,0.6887,0.6785,0.6894,0.6781,,1.47%
12/07/2023,0.6787,0.6686,0.6796,0.6678,,1.51%
11/07/2023,0.6686,0.6671,0.6695,0.6648,,0.16%
10/07/2023,0.6675,0.6672,0.6696,0.6621,,-0.19%
7/07/2023,0.6688,0.662,0.67,0.6616,,0.95%
6/07/2023,0.6625,0.6654,0.6687,0.6597,,-0.44%
5/07/2023,0.6654,0.6688,0.6698,0.6651,,-0.55%
4/07/2023,0.6691,0.6669,0.6705,0.6639,,0.31%
3/07/2023,0.667,0.6659,0.6692,0.6635,,0.06%
30/06/2023,0.6666,0.6615,0.6671,0.6601,,0.79%
29/06/2023,0.6614,0.6599,0.664,0.6593,,0.23%
28/06/2023,0.6599,0.6684,0.6689,0.6595,,-1.27%
27/06/2023,0.6684,0.6674,0.672,0.6668,,0.21%
26/06/2023,0.667,0.6665,0.6694,0.6664,,-0.10%
23/06/2023,0.6677,0.6756,0.6767,0.6661,,-1.15%
22/06/2023,0.6755,0.6794,0.6806,0.6742,,-0.60%
21/06/2023,0.6796,0.6781,0.6804,0.6739,,0.19%
20/06/2023,0.6783,0.6849,0.6855,0.6751,,-0.96%
19/06/2023,0.6849,0.6869,0.6882,0.6832,,-0.41%
16/06/2023,0.6877,0.6883,0.6899,0.6853,,-0.12%
15/06/2023,0.6885,0.6793,0.6892,0.6765,,1.35%
14/06/2023,0.6793,0.6769,0.6835,0.6755,,0.40%
13/06/2023,0.6766,0.6747,0.6807,0.6736,,0.24%
12/06/2023,0.675,0.674,0.6773,0.6727,,0.16%
9/06/2023,0.6739,0.6715,0.675,0.669,,0.36%
8/06/2023,0.6715,0.6652,0.6718,0.6649,,0.98%
7/06/2023,0.665,0.6671,0.6717,0.6639,,-0.28%
6/06/2023,0.6669,0.6617,0.6685,0.6607,,0.82%
5/06/2023,0.6615,0.66,0.6637,0.6577,,0.06%
2/06/2023,0.6611,0.6569,0.6638,0.6565,,0.62%
1/06/2023,0.657,0.6502,0.6581,0.6483,,1.08%
31/05/2023,0.65,0.6512,0.6538,0.6456,,-0.26%
30/05/2023,0.6517,0.6539,0.6559,0.6501,,-0.31%
29/05/2023,0.6537,0.653,0.6554,0.6515,,0.31%
26/05/2023,0.6517,0.6505,0.6544,0.6489,,0.17%
25/05/2023,0.6506,0.6539,0.6547,0.6496,,-0.57%
24/05/2023,0.6543,0.6607,0.6615,0.6527,,-1.00%
23/05/2023,0.6609,0.6649,0.6661,0.6605,,-0.66%
22/05/2023,0.6653,0.6644,0.6667,0.6625,,0.05%
19/05/2023,0.665,0.6621,0.6675,0.6613,,0.50%
18/05/2023,0.6617,0.6657,0.6667,0.6603,,-0.63%
17/05/2023,0.6659,0.6654,0.6673,0.6627,,0.06%
16/05/2023,0.6655,0.67,0.6709,0.665,,-0.64%
15/05/2023,0.6698,0.6635,0.6708,0.6635,,0.78%
12/05/2023,0.6646,0.6702,0.6706,0.6636,,-0.82%
11/05/2023,0.6701,0.6777,0.6795,0.6687,,-1.14%
10/05/2023,0.6778,0.676,0.6818,0.6742,,0.27%
9/05/2023,0.676,0.6782,0.6786,0.6745,,-0.32%
8/05/2023,0.6782,0.6739,0.6803,0.6737,,0.50%
5/05/2023,0.6748,0.6694,0.6757,0.6688,,0.82%
4/05/2023,0.6693,0.6668,0.6706,0.6638,,0.36%
3/05/2023,0.6669,0.6661,0.6703,0.6647,,0.12%
2/05/2023,0.6661,0.6633,0.6717,0.6618,,0.47%
1/05/2023,0.663,0.66,0.6668,0.6599,,0.35%
28/04/2023,0.6607,0.663,0.6642,0.6571,,-0.33%
27/04/2023,0.6629,0.6597,0.6635,0.6593,,0.47%
26/04/2023,0.6598,0.6627,0.6639,0.6589,,-0.41%
25/04/2023,0.6625,0.6694,0.6705,0.6612,,-1.06%
24/04/2023,0.6696,0.6686,0.6701,0.6663,,0.09%
21/04/2023,0.669,0.674,0.6746,0.6675,,-0.74%
20/04/2023,0.674,0.6711,0.6771,0.6694,,0.40%
19/04/2023,0.6713,0.672,0.6741,0.6688,,-0.13%
18/04/2023,0.6722,0.6698,0.6747,0.6695,,0.33%
17/04/2023,0.67,0.6697,0.6719,0.6679,,-0.12%
14/04/2023,0.6708,0.6778,0.6805,0.6693,,-1.08%
13/04/2023,0.6781,0.6687,0.6796,0.6683,,1.39%
12/04/2023,0.6688,0.6651,0.6723,0.6647,,0.57%
11/04/2023,0.665,0.6641,0.6679,0.6633,,0.20%
10/04/2023,0.6637,0.6644,0.668,0.6617,,-0.46%
7/04/2023,0.6668,0.6672,0.6691,0.6639,,-0.04%
6/04/2023,0.6671,0.6718,0.6725,0.6651,,-0.70%
5/04/2023,0.6718,0.6751,0.6779,0.6675,,-0.49%
4/04/2023,0.6751,0.6785,0.6793,0.6719,,-0.50%
3/04/2023,0.6785,0.6679,0.6789,0.665,,1.50%
31/03/2023,0.6685,0.6712,0.6737,0.6668,,-0.33%
30/03/2023,0.6707,0.668,0.6718,0.6659,,0.36%
29/03/2023,0.6683,0.6709,0.6713,0.6659,,-0.39%
28/03/2023,0.6709,0.665,0.671,0.6643,,0.90%
27/03/2023,0.6649,0.6644,0.6665,0.6631,,0.06%
24/03/2023,0.6645,0.6684,0.6694,0.6623,,-0.57%
23/03/2023,0.6683,0.6684,0.6755,0.6669,,0.01%
22/03/2023,0.6682,0.6668,0.6758,0.6659,,0.21%
21/03/2023,0.6668,0.6718,0.6726,0.6648,,-0.74%
20/03/2023,0.6718,0.6701,0.674,0.6664,,0.34%
17/03/2023,0.6695,0.6653,0.6724,0.6648,,0.62%
16/03/2023,0.6654,0.6614,0.6667,0.6606,,0.59%
15/03/2023,0.6615,0.6682,0.6711,0.6588,,-0.96%
14/03/2023,0.6679,0.6664,0.6696,0.663,,0.23%
13/03/2023,0.6664,0.6575,0.6716,0.6572,,1.32%
10/03/2023,0.6577,0.6589,0.664,0.6562,,-0.20%
9/03/2023,0.659,0.6586,0.6636,0.6573,,0.06%
8/03/2023,0.6586,0.6582,0.6628,0.6566,,0.06%
7/03/2023,0.6582,0.6727,0.6747,0.6579,,-2.16%
6/03/2023,0.6727,0.6759,0.6769,0.6714,,-0.61%
3/03/2023,0.6768,0.6729,0.6774,0.6722,,0.58%
2/03/2023,0.6729,0.6761,0.6766,0.6705,,-0.47%
1/03/2023,0.6761,0.6728,0.6783,0.6693,,0.49%
28/02/2023,0.6728,0.6734,0.6757,0.6702,,-0.09%
27/02/2023,0.6734,0.6726,0.6744,0.6696,,0.13%
24/02/2023,0.6725,0.6808,0.6824,0.6717,,-1.20%
23/02/2023,0.6807,0.6802,0.6841,0.6779,,0.06%
22/02/2023,0.6803,0.6856,0.6864,0.6793,,-0.72%
21/02/2023,0.6852,0.6906,0.6919,0.6846,,-0.77%
20/02/2023,0.6905,0.6855,0.692,0.6854,,0.38%
17/02/2023,0.6879,0.6881,0.6884,0.6809,,0.04%
16/02/2023,0.6876,0.6901,0.6936,0.6838,,-0.39%
15/02/2023,0.6903,0.6986,0.6989,0.6863,,-1.17%
14/02/2023,0.6985,0.6965,0.7029,0.692,,0.29%
13/02/2023,0.6965,0.6916,0.6973,0.6888,,0.71%
10/02/2023,0.6916,0.6933,0.696,0.6907,,-0.27%
9/02/2023,0.6935,0.6925,0.7011,0.6919,,0.16%
8/02/2023,0.6924,0.6959,0.6996,0.6917,,-0.49%
7/02/2023,0.6958,0.6883,0.6987,0.688,,1.12%
6/02/2023,0.6881,0.692,0.6948,0.6853,,-0.55%
3/02/2023,0.6919,0.7075,0.7082,0.6917,,-2.22%
2/02/2023,0.7076,0.7133,0.7157,0.7067,,-0.83%
1/02/2023,0.7135,0.7056,0.7144,0.7034,,1.15%
31/01/2023,0.7054,0.7057,0.7065,0.6982,,-0.07%
30/01/2023,0.7059,0.7092,0.712,0.705,,-0.62%
27/01/2023,0.7103,0.7112,0.7129,0.708,,-0.15%
26/01/2023,0.7114,0.7103,0.7142,0.7077,,0.17%
25/01/2023,0.7102,0.7045,0.7122,0.703,,0.78%
24/01/2023,0.7047,0.7028,0.7058,0.6992,,0.27%
23/01/2023,0.7028,0.695,0.7039,0.6949,,0.89%
20/01/2023,0.6966,0.691,0.6973,0.6904,,0.83%
19/01/2023,0.6909,0.6942,0.6948,0.6869,,-0.46%
18/01/2023,0.6941,0.6987,0.7063,0.6934,,-0.66%
17/01/2023,0.6987,0.6953,0.6997,0.6928,,0.47%
16/01/2023,0.6954,0.6976,0.7019,0.6938,,-0.32%
13/01/2023,0.6976,0.6971,0.6994,0.6913,,0.06%
12/01/2023,0.6972,0.6899,0.6984,0.6875,,1.06%
11/01/2023,0.6899,0.6886,0.6925,0.6871,,0.17%
10/01/2023,0.6887,0.6916,0.6928,0.6858,,-0.35%
9/01/2023,0.6911,0.6875,0.6949,0.6861,,0.52%
6/01/2023,0.6875,0.6751,0.6887,0.6719,,1.87%
5/01/2023,0.6749,0.6831,0.6845,0.6733,,-1.21%
4/01/2023,0.6832,0.6732,0.6886,0.6715,,1.47%
3/01/2023,0.6733,0.6801,0.6834,0.6686,,-1.01%
2/01/2023,0.6802,0.6813,0.6824,0.6791,,-0.16%
30/12/2022,0.6813,0.6772,0.6821,0.6753,,0.52%
29/12/2022,0.6778,0.6734,0.6787,0.6709,,0.62%
28/12/2022,0.6736,0.6729,0.6801,0.6717,,0.10%
27/12/2022,0.6729,0.6725,0.6776,0.6721,,0.04%
26/12/2022,0.6726,0.6692,0.6729,0.6684,,0.13%
23/12/2022,0.6717,0.6664,0.6725,0.6658,,0.77%
22/12/2022,0.6666,0.6705,0.6767,0.6648,,-0.60%
21/12/2022,0.6706,0.6675,0.6728,0.6654,,0.43%
20/12/2022,0.6677,0.6699,0.6743,0.6626,,-0.33%
19/12/2022,0.6699,0.6702,0.6732,0.668,,0.22%
16/12/2022,0.6684,0.67,0.6736,0.6674,,-0.25%
15/12/2022,0.6701,0.6863,0.6869,0.6675,,-2.36%
14/12/2022,0.6863,0.6852,0.6881,0.6808,,0.15%
13/12/2022,0.6853,0.6742,0.6893,0.6738,,1.60%
12/12/2022,0.6745,0.6793,0.6798,0.6727,,-0.74%
9/12/2022,0.6795,0.6766,0.6813,0.6743,,0.40%
8/12/2022,0.6768,0.6723,0.678,0.6697,,0.70%
7/12/2022,0.6721,0.6692,0.6742,0.6666,,0.43%
6/12/2022,0.6692,0.6699,0.6744,0.6679,,-0.06%
5/12/2022,0.6696,0.6791,0.685,0.6685,,-1.37%
2/12/2022,0.6789,0.6808,0.6836,0.6742,,-0.29%
1/12/2022,0.6809,0.6784,0.6843,0.6779,,0.34%
30/11/2022,0.6786,0.6686,0.68,0.6668,,1.50%
29/11/2022,0.6686,0.6647,0.6749,0.6638,,0.57%
28/11/2022,0.6648,0.6725,0.673,0.664,,-1.50%
25/11/2022,0.6749,0.6763,0.678,0.6718,,-0.21%
24/11/2022,0.6763,0.673,0.6777,0.6724,,0.48%
23/11/2022,0.6731,0.6648,0.6738,0.6632,,1.25%
22/11/2022,0.6648,0.6601,0.6651,0.6597,,0.65%
21/11/2022,0.6605,0.6666,0.6683,0.6583,,-0.99%
18/11/2022,0.6671,0.6684,0.673,0.666,,-0.15%
17/11/2022,0.6681,0.6735,0.6751,0.6632,,-0.88%
16/11/2022,0.674,0.6749,0.6792,0.6718,,-0.24%
15/11/2022,0.6756,0.6701,0.6797,0.6684,,0.90%
14/11/2022,0.6696,0.6692,0.6723,0.6661,,-0.09%
11/11/2022,0.6702,0.6618,0.6716,0.6576,,1.28%
10/11/2022,0.6617,0.6429,0.6631,0.6385,,2.91%
9/11/2022,0.643,0.6501,0.6522,0.6413,,-1.12%
8/11/2022,0.6503,0.6477,0.6551,0.6442,,0.39%
7/11/2022,0.6478,0.6408,0.649,0.64,,0.19%
4/11/2022,0.6466,0.6286,0.6483,0.6282,,2.85%
3/11/2022,0.6287,0.6349,0.6372,0.627,,-0.98%
2/11/2022,0.6349,0.6394,0.6492,0.6345,,-0.72%
1/11/2022,0.6395,0.6397,0.6463,0.6375,,-0.03%
31/10/2022,0.6397,0.6398,0.6428,0.6366,,-0.22%
28/10/2022,0.6411,0.645,0.6479,0.6387,,-0.59%
27/10/2022,0.6449,0.6497,0.6522,0.6424,,-0.74%
26/10/2022,0.6497,0.6392,0.6511,0.6371,,1.61%
25/10/2022,0.6394,0.6311,0.6412,0.6301,,1.33%
24/10/2022,0.631,0.6367,0.6411,0.627,,-1.05%
21/10/2022,0.6377,0.6278,0.6393,0.6209,,1.63%
20/10/2022,0.6275,0.6268,0.6356,0.6226,,0.08%
19/10/2022,0.627,0.6309,0.6325,0.625,,-0.62%
18/10/2022,0.6309,0.6289,0.6339,0.6265,,0.30%
17/10/2022,0.629,0.6186,0.6312,0.6186,,1.52%
14/10/2022,0.6196,0.6298,0.6346,0.6193,,-1.62%
13/10/2022,0.6298,0.6276,0.6316,0.6169,,0.35%
12/10/2022,0.6276,0.6271,0.6298,0.6234,,0.10%
11/10/2022,0.627,0.6303,0.6346,0.6245,,-0.52%
10/10/2022,0.6303,0.6365,0.638,0.6273,,-1.02%
7/10/2022,0.6368,0.6401,0.6432,0.6353,,-0.53%
6/10/2022,0.6402,0.6488,0.6541,0.6386,,-1.30%
5/10/2022,0.6486,0.65,0.6526,0.6415,,-0.22%
4/10/2022,0.65,0.6516,0.6547,0.6448,,-0.25%
3/10/2022,0.6516,0.64,0.6522,0.6396,,1.78%
30/09/2022,0.6402,0.6499,0.6524,0.6389,,-1.49%
29/09/2022,0.6499,0.6521,0.6525,0.6433,,-0.35%
28/09/2022,0.6522,0.6435,0.653,0.6361,,1.37%
27/09/2022,0.6434,0.6454,0.6513,0.6412,,-0.31%
26/09/2022,0.6454,0.6509,0.6537,0.6436,,-1.12%
23/09/2022,0.6527,0.6644,0.6655,0.651,,-1.75%
22/09/2022,0.6643,0.6629,0.667,0.6572,,0.23%
21/09/2022,0.6628,0.6688,0.6705,0.662,,-0.94%
20/09/2022,0.6691,0.6727,0.6747,0.6675,,-0.54%
19/09/2022,0.6727,0.67,0.6734,0.6671,,0.10%
16/09/2022,0.672,0.6701,0.6724,0.6668,,0.27%
15/09/2022,0.6702,0.6749,0.677,0.6694,,-0.68%
14/09/2022,0.6748,0.6729,0.676,0.6703,,0.27%
13/09/2022,0.673,0.6885,0.6916,0.6725,,-2.28%
12/09/2022,0.6887,0.6837,0.6899,0.6797,,0.67%
9/09/2022,0.6841,0.6748,0.6877,0.6744,,1.33%
8/09/2022,0.6751,0.6768,0.6773,0.6711,,-0.27%
7/09/2022,0.6769,0.6734,0.6769,0.6697,,0.50%
6/09/2022,0.6735,0.6796,0.6832,0.6726,,-0.88%
5/09/2022,0.6795,0.68,0.6804,0.677,,-0.19%
2/09/2022,0.6808,0.6787,0.6855,0.6776,,0.34%
1/09/2022,0.6785,0.6839,0.6847,0.6769,,-0.79%
31/08/2022,0.6839,0.6851,0.6904,0.6833,,-0.18%
30/08/2022,0.6851,0.6903,0.6956,0.6844,,-0.75%
29/08/2022,0.6903,0.6887,0.6926,0.6838,,0.19%
26/08/2022,0.689,0.698,0.7009,0.6886,,-1.29%
25/08/2022,0.698,0.6908,0.6991,0.6899,,1.07%
24/08/2022,0.6906,0.6927,0.6933,0.6877,,-0.35%
23/08/2022,0.693,0.6877,0.6963,0.6854,,0.80%
22/08/2022,0.6875,0.6868,0.6929,0.686,,0.04%
19/08/2022,0.6872,0.6918,0.6921,0.6857,,-0.66%
18/08/2022,0.6918,0.6929,0.697,0.6897,,-0.20%
17/08/2022,0.6932,0.702,0.7026,0.6909,,-1.28%
16/08/2022,0.7022,0.7022,0.704,0.6989,,0.00%
15/08/2022,0.7022,0.7117,0.7128,0.701,,-1.39%
12/08/2022,0.7121,0.7105,0.7129,0.7085,,0.23%
11/08/2022,0.7105,0.7079,0.7138,0.7063,,0.40%
10/08/2022,0.7077,0.6965,0.711,0.6946,,1.62%
9/08/2022,0.6964,0.6988,0.6995,0.6952,,-0.34%
8/08/2022,0.6988,0.6912,0.701,0.6898,,1.14%
5/08/2022,0.6909,0.697,0.6976,0.6869,,-0.85%
4/08/2022,0.6968,0.6944,0.6991,0.6934,,0.36%
3/08/2022,0.6943,0.6919,0.6956,0.6885,,0.35%
2/08/2022,0.6919,0.7024,0.7034,0.6913,,-1.48%
1/08/2022,0.7023,0.6982,0.7048,0.6966,,0.54%
29/07/2022,0.6985,0.6986,0.7033,0.691,,0.00%
28/07/2022,0.6985,0.6992,0.7015,0.6955,,-0.07%
27/07/2022,0.699,0.6938,0.7013,0.6912,,0.75%
26/07/2022,0.6938,0.6951,0.6984,0.6921,,-0.22%
25/07/2022,0.6953,0.6934,0.6967,0.688,,0.40%
22/07/2022,0.6925,0.6931,0.6978,0.6892,,-0.06%
21/07/2022,0.6929,0.6889,0.6938,0.6859,,0.64%
20/07/2022,0.6885,0.6896,0.6931,0.6873,,-0.15%
19/07/2022,0.6895,0.6811,0.6913,0.6801,,1.22%
18/07/2022,0.6812,0.6787,0.6855,0.6782,,0.29%
15/07/2022,0.6792,0.6749,0.6808,0.6719,,0.67%
14/07/2022,0.6747,0.6762,0.6789,0.6681,,-0.19%
13/07/2022,0.676,0.6754,0.6805,0.6725,,0.06%
12/07/2022,0.6756,0.6732,0.678,0.6711,,0.39%
11/07/2022,0.673,0.6859,0.6862,0.6714,,-1.84%
8/07/2022,0.6856,0.6837,0.6876,0.6791,,0.28%
7/07/2022,0.6837,0.6776,0.6849,0.6763,,0.92%
6/07/2022,0.6775,0.6803,0.6827,0.6762,,-0.40%
5/07/2022,0.6802,0.6866,0.6896,0.6761,,-0.90%
4/07/2022,0.6864,0.6812,0.689,0.6793,,0.73%
1/07/2022,0.6814,0.6903,0.6906,0.6763,,-1.26%
30/06/2022,0.6901,0.6883,0.692,0.6852,,0.29%
29/06/2022,0.6881,0.6909,0.6921,0.6862,,-0.36%
28/06/2022,0.6906,0.6922,0.6966,0.6904,,-0.25%
27/06/2022,0.6923,0.6941,0.6959,0.6907,,-0.36%
24/06/2022,0.6948,0.6893,0.6959,0.6887,,0.86%
23/06/2022,0.6889,0.6926,0.693,0.6868,,-0.53%
22/06/2022,0.6926,0.6971,0.6974,0.688,,-0.63%
21/06/2022,0.697,0.695,0.6995,0.6934,,0.32%
20/06/2022,0.6948,0.6923,0.6997,0.6914,,0.26%
17/06/2022,0.693,0.7049,0.7054,0.6897,,-1.62%
16/06/2022,0.7044,0.7003,0.707,0.6943,,0.60%
15/06/2022,0.7002,0.687,0.7025,0.6865,,1.95%
14/06/2022,0.6868,0.6923,0.6971,0.6851,,-0.79%
13/06/2022,0.6923,0.704,0.7056,0.6911,,-1.82%
10/06/2022,0.7051,0.7098,0.7139,0.7036,,-0.65%
9/06/2022,0.7097,0.7193,0.7199,0.7093,,-1.32%
8/06/2022,0.7192,0.7236,0.7236,0.7175,,-0.48%
7/06/2022,0.7227,0.7193,0.7247,0.7157,,0.50%
6/06/2022,0.7191,0.7209,0.7232,0.7186,,-0.21%
3/06/2022,0.7206,0.7266,0.7283,0.7201,,-0.80%
2/06/2022,0.7264,0.7175,0.7271,0.714,,1.24%
1/06/2022,0.7175,0.7176,0.7232,0.7155,,0.03%
31/05/2022,0.7173,0.7198,0.7204,0.7149,,-0.32%
30/05/2022,0.7196,0.7156,0.72,0.7149,,0.50%
27/05/2022,0.716,0.7097,0.7168,0.7089,,0.87%
26/05/2022,0.7098,0.7087,0.7111,0.7056,,0.07%
25/05/2022,0.7093,0.7104,0.7121,0.7035,,-0.14%
24/05/2022,0.7103,0.7108,0.7114,0.7056,,-0.04%
23/05/2022,0.7106,0.7054,0.7128,0.7041,,1.04%
20/05/2022,0.7033,0.705,0.7074,0.7002,,-0.20%
19/05/2022,0.7047,0.6956,0.7074,0.6952,,1.35%
18/05/2022,0.6953,0.7029,0.7048,0.6949,,-1.08%
17/05/2022,0.7029,0.697,0.7042,0.6967,,0.85%
16/05/2022,0.697,0.6928,0.6983,0.6872,,0.45%
13/05/2022,0.6939,0.6856,0.6942,0.6853,,1.24%
12/05/2022,0.6854,0.6938,0.6955,0.6829,,-1.20%
11/05/2022,0.6937,0.6938,0.7055,0.6927,,0.03%
10/05/2022,0.6935,0.6955,0.6988,0.691,,-0.29%
9/05/2022,0.6955,0.7078,0.7085,0.6945,,-1.72%
6/05/2022,0.7077,0.7112,0.7136,0.7059,,-0.48%
5/05/2022,0.7111,0.7261,0.7268,0.7077,,-2.08%
4/05/2022,0.7262,0.7095,0.7266,0.7088,,2.37%
3/05/2022,0.7094,0.7051,0.7149,0.7046,,0.68%
2/05/2022,0.7046,0.7072,0.7084,0.703,,-0.24%
29/04/2022,0.7063,0.7094,0.7181,0.7057,,-0.41%
28/04/2022,0.7092,0.7125,0.7164,0.7054,,-0.48%
27/04/2022,0.7126,0.7123,0.7192,0.71,,0.07%
26/04/2022,0.7121,0.7178,0.723,0.7118,,-0.78%
25/04/2022,0.7177,0.7261,0.7264,0.7135,,-0.84%
22/04/2022,0.7238,0.7374,0.738,0.7235,,-1.80%
21/04/2022,0.7371,0.7448,0.7459,0.7365,,-1.06%
20/04/2022,0.745,0.7375,0.7459,0.737,,1.09%
19/04/2022,0.737,0.7348,0.7401,0.7344,,0.33%
18/04/2022,0.7346,0.74,0.7406,0.7343,,-0.69%
15/04/2022,0.7397,0.7418,0.7427,0.739,,-0.28%
14/04/2022,0.7418,0.7447,0.7469,0.7397,,-0.40%
13/04/2022,0.7448,0.7459,0.7477,0.7391,,-0.15%
12/04/2022,0.7459,0.7415,0.7495,0.7398,,0.54%
11/04/2022,0.7419,0.7444,0.7466,0.7413,,-0.48%
8/04/2022,0.7455,0.748,0.7494,0.7426,,-0.32%
7/04/2022,0.7479,0.7514,0.752,0.7466,,-0.45%
6/04/2022,0.7513,0.7578,0.7595,0.7486,,-0.87%
5/04/2022,0.7579,0.7543,0.7663,0.7535,,0.49%
4/04/2022,0.7542,0.7492,0.7558,0.7483,,0.57%
1/04/2022,0.7499,0.7482,0.7526,0.7472,,0.25%
31/03/2022,0.748,0.7509,0.7527,0.7469,,-0.39%
30/03/2022,0.7509,0.7513,0.7538,0.7502,,0.04%
29/03/2022,0.7506,0.7489,0.752,0.7456,,0.25%
28/03/2022,0.7487,0.7513,0.7541,0.7466,,-0.33%
25/03/2022,0.7512,0.7513,0.7538,0.7495,,0.00%
24/03/2022,0.7512,0.7498,0.7528,0.7466,,0.20%
23/03/2022,0.7497,0.7469,0.7508,0.7449,,0.40%
22/03/2022,0.7467,0.7401,0.7473,0.7375,,0.91%
21/03/2022,0.74,0.7401,0.7426,0.7373,,-0.20%
18/03/2022,0.7415,0.7376,0.7419,0.736,,0.56%
17/03/2022,0.7374,0.7291,0.7394,0.7282,,1.17%
16/03/2022,0.7289,0.7196,0.7297,0.7179,,1.29%
15/03/2022,0.7196,0.7188,0.7229,0.7164,,0.13%
14/03/2022,0.7187,0.729,0.7303,0.7186,,-1.41%
11/03/2022,0.729,0.7353,0.7369,0.7282,,-0.91%
10/03/2022,0.7357,0.7323,0.7369,0.7286,,0.48%
9/03/2022,0.7322,0.7269,0.7339,0.7264,,0.77%
8/03/2022,0.7266,0.7318,0.735,0.7244,,-0.68%
7/03/2022,0.7316,0.7371,0.7442,0.7311,,-0.73%
4/03/2022,0.737,0.7329,0.7382,0.73,,0.56%
3/03/2022,0.7329,0.7296,0.7349,0.7276,,0.45%
2/03/2022,0.7296,0.7252,0.7308,0.7243,,0.66%
1/03/2022,0.7248,0.7261,0.7291,0.7237,,-0.19%
28/02/2022,0.7262,0.7185,0.7266,0.7152,,0.41%
25/02/2022,0.7232,0.7163,0.7239,0.7141,,0.98%
24/02/2022,0.7162,0.7235,0.7236,0.7095,,-0.98%
23/02/2022,0.7233,0.722,0.7286,0.7218,,0.19%
22/02/2022,0.7219,0.7189,0.7235,0.7171,,0.40%
21/02/2022,0.719,0.717,0.7224,0.7162,,0.24%
18/02/2022,0.7173,0.7186,0.7229,0.7164,,-0.14%
17/02/2022,0.7183,0.7196,0.7218,0.7149,,-0.13%
16/02/2022,0.7192,0.7151,0.7206,0.7143,,0.57%
15/02/2022,0.7151,0.7127,0.7157,0.7101,,0.36%
14/02/2022,0.7125,0.7133,0.7151,0.7085,,-0.14%
11/02/2022,0.7135,0.7166,0.7186,0.7108,,-0.42%
10/02/2022,0.7165,0.7179,0.725,0.7147,,-0.18%
9/02/2022,0.7178,0.7146,0.7196,0.7141,,0.46%
8/02/2022,0.7145,0.7124,0.7149,0.7106,,0.28%
7/02/2022,0.7125,0.7077,0.7131,0.7064,,0.69%
4/02/2022,0.7076,0.7141,0.7153,0.7051,,-0.90%
3/02/2022,0.714,0.7135,0.7169,0.7109,,0.06%
2/02/2022,0.7136,0.7128,0.716,0.7117,,0.14%
1/02/2022,0.7126,0.7069,0.7132,0.7032,,0.88%
31/01/2022,0.7064,0.7,0.7077,0.6983,,1.12%
28/01/2022,0.6986,0.7031,0.7047,0.6967,,-0.64%
27/01/2022,0.7031,0.7116,0.7123,0.7024,,-1.17%
26/01/2022,0.7114,0.7151,0.7182,0.7096,,-0.48%
25/01/2022,0.7148,0.7142,0.7176,0.7121,,0.11%
24/01/2022,0.714,0.7176,0.7189,0.7089,,-0.60%
21/01/2022,0.7183,0.7227,0.7232,0.7171,,-0.58%
20/01/2022,0.7225,0.7211,0.7278,0.7207,,0.21%
19/01/2022,0.721,0.7185,0.724,0.7176,,0.39%
18/01/2022,0.7182,0.7209,0.7229,0.7169,,-0.39%
17/01/2022,0.721,0.7212,0.723,0.7195,,0.06%
14/01/2022,0.7206,0.7282,0.7295,0.7197,,-1.07%
13/01/2022,0.7284,0.7286,0.7315,0.7272,,0.00%
12/01/2022,0.7284,0.7211,0.7293,0.72,,1.04%
11/01/2022,0.7209,0.7169,0.7214,0.7154,,0.57%
10/01/2022,0.7168,0.717,0.7204,0.7149,,-0.14%
7/01/2022,0.7178,0.7162,0.7189,0.7129,,0.25%
6/01/2022,0.716,0.722,0.7224,0.7145,,-0.82%
5/01/2022,0.7219,0.724,0.7273,0.7214,,-0.26%
4/01/2022,0.7238,0.7194,0.725,0.7185,,0.65%
3/01/2022,0.7191,0.7262,0.7279,0.7183,,-0.95%
31/12/2021,0.726,0.7251,0.7278,0.7243,,0.15%
30/12/2021,0.7249,0.7254,0.7277,0.7243,,0.01%
29/12/2021,0.7248,0.7229,0.7272,0.7212,,0.28%
28/12/2021,0.7228,0.724,0.7265,0.7219,,-0.08%
27/12/2021,0.7234,0.7222,0.7245,0.7206,,0.15%
24/12/2021,0.7223,0.7242,0.7247,0.7218,,-0.26%
23/12/2021,0.7242,0.7214,0.7253,0.7195,,0.40%
22/12/2021,0.7213,0.7152,0.7222,0.712,,0.82%
21/12/2021,0.7154,0.7112,0.7157,0.7098,,0.63%
20/12/2021,0.7109,0.7135,0.7149,0.7082,,-0.21%
17/12/2021,0.7124,0.7183,0.7186,0.7122,,-0.82%
16/12/2021,0.7183,0.717,0.7225,0.7145,,0.22%
15/12/2021,0.7167,0.7102,0.7178,0.7092,,0.92%
14/12/2021,0.7102,0.713,0.7136,0.7089,,-0.38%
13/12/2021,0.7129,0.7144,0.7178,0.711,,-0.59%
10/12/2021,0.7171,0.715,0.7183,0.7132,,0.31%
9/12/2021,0.7149,0.7172,0.7188,0.7135,,-0.31%
8/12/2021,0.7171,0.7119,0.7185,0.7114,,0.74%
7/12/2021,0.7118,0.705,0.7124,0.7038,,0.98%
6/12/2021,0.7049,0.6998,0.7056,0.6995,,0.69%
3/12/2021,0.7001,0.7095,0.7102,0.6992,,-1.30%
2/12/2021,0.7093,0.7106,0.7121,0.7084,,-0.15%
1/12/2021,0.7104,0.7126,0.7174,0.7095,,-0.27%
30/11/2021,0.7123,0.714,0.7171,0.7063,,-0.24%
29/11/2021,0.714,0.7117,0.7161,0.7112,,0.24%
26/11/2021,0.7123,0.719,0.72,0.7111,,-0.93%
25/11/2021,0.719,0.7196,0.7211,0.7179,,-0.07%
24/11/2021,0.7195,0.7228,0.723,0.7183,,-0.44%
23/11/2021,0.7227,0.7225,0.7237,0.7206,,0.06%
22/11/2021,0.7223,0.7235,0.7275,0.7221,,-0.15%
19/11/2021,0.7234,0.7281,0.7293,0.7226,,-0.62%
18/11/2021,0.7279,0.7269,0.7294,0.7249,,0.18%
17/11/2021,0.7266,0.7304,0.7307,0.7258,,-0.49%
16/11/2021,0.7302,0.7347,0.7369,0.7292,,-0.57%
15/11/2021,0.7344,0.7333,0.7372,0.7319,,0.16%
12/11/2021,0.7332,0.7298,0.7337,0.7276,,0.52%
11/11/2021,0.7294,0.7327,0.7343,0.7286,,-0.44%
10/11/2021,0.7326,0.7377,0.7394,0.7323,,-0.66%
9/11/2021,0.7375,0.7422,0.7433,0.736,,-0.61%
8/11/2021,0.742,0.7398,0.7433,0.7383,,0.26%
5/11/2021,0.7401,0.7401,0.7413,0.7359,,0.03%
4/11/2021,0.7399,0.7448,0.7472,0.7383,,-0.62%
3/11/2021,0.7445,0.7429,0.7459,0.7412,,0.23%
2/11/2021,0.7428,0.7525,0.7534,0.7419,,-1.28%
1/11/2021,0.7524,0.7509,0.7538,0.7485,,0.04%
29/10/2021,0.7521,0.7545,0.7556,0.7499,,-0.30%
28/10/2021,0.7544,0.7517,0.7556,0.7479,,0.40%
27/10/2021,0.7514,0.7501,0.7537,0.7487,,0.20%
26/10/2021,0.7499,0.7491,0.7527,0.7484,,0.11%
25/10/2021,0.7491,0.7468,0.7507,0.7461,,0.36%
22/10/2021,0.7464,0.7467,0.7513,0.7452,,-0.03%
21/10/2021,0.7466,0.7515,0.7548,0.7458,,-0.65%
20/10/2021,0.7515,0.7471,0.7523,0.7465,,0.58%
19/10/2021,0.7472,0.7412,0.7487,0.7406,,0.84%
18/10/2021,0.741,0.7422,0.7438,0.7378,,-0.15%
15/10/2021,0.7421,0.7416,0.7441,0.7402,,0.08%
14/10/2021,0.7415,0.7379,0.7427,0.7372,,0.50%
13/10/2021,0.7378,0.7351,0.7383,0.7322,,0.39%
12/10/2021,0.7349,0.7352,0.7386,0.7332,,-0.03%
11/10/2021,0.7351,0.7314,0.7373,0.7291,,0.62%
8/10/2021,0.7306,0.7314,0.734,0.7287,,-0.08%
7/10/2021,0.7312,0.7273,0.7326,0.7268,,0.55%
6/10/2021,0.7272,0.7288,0.7297,0.7225,,-0.26%
5/10/2021,0.7291,0.7286,0.7303,0.7248,,0.10%
4/10/2021,0.7284,0.7264,0.7305,0.725,,0.39%
1/10/2021,0.7256,0.7225,0.7278,0.7192,,0.42%
30/09/2021,0.7226,0.7176,0.7258,0.7172,,0.71%
29/09/2021,0.7175,0.7236,0.7265,0.7169,,-0.84%
28/09/2021,0.7236,0.7286,0.7312,0.7225,,-0.69%
27/09/2021,0.7286,0.7259,0.7296,0.7243,,0.39%
24/09/2021,0.7258,0.7297,0.7318,0.7236,,-0.51%
23/09/2021,0.7295,0.7246,0.7316,0.7222,,0.69%
22/09/2021,0.7245,0.723,0.7297,0.7223,,0.19%
21/09/2021,0.7231,0.7247,0.7285,0.7221,,-0.26%
20/09/2021,0.725,0.7269,0.7276,0.7219,,-0.21%
17/09/2021,0.7265,0.7291,0.7323,0.7261,,-0.33%
16/09/2021,0.7289,0.7334,0.7347,0.7273,,-0.61%
15/09/2021,0.7334,0.7323,0.734,0.7301,,0.22%
14/09/2021,0.7318,0.7369,0.7375,0.7312,,-0.65%
13/09/2021,0.7366,0.7359,0.7376,0.7336,,0.15%
10/09/2021,0.7355,0.7368,0.7411,0.7347,,-0.15%
9/09/2021,0.7366,0.7364,0.7395,0.7347,,0.03%
8/09/2021,0.7364,0.7387,0.7405,0.7344,,-0.28%
7/09/2021,0.7385,0.744,0.7469,0.7374,,-0.73%
6/09/2021,0.7439,0.7461,0.7465,0.7426,,-0.25%
3/09/2021,0.7458,0.74,0.7479,0.7394,,0.80%
2/09/2021,0.7399,0.7366,0.7411,0.7355,,0.48%
1/09/2021,0.7364,0.7316,0.7384,0.7308,,0.67%
31/08/2021,0.7315,0.7296,0.7343,0.7287,,0.29%
30/08/2021,0.7294,0.731,0.7322,0.7284,,-0.23%
27/08/2021,0.7311,0.7236,0.7318,0.7221,,1.06%
26/08/2021,0.7234,0.7276,0.7281,0.7233,,-0.54%
25/08/2021,0.7273,0.7258,0.7282,0.7236,,0.22%
24/08/2021,0.7257,0.721,0.7272,0.72,,0.68%
23/08/2021,0.7208,0.7127,0.7218,0.7111,,1.04%
20/08/2021,0.7134,0.7147,0.7157,0.7106,,-0.17%
19/08/2021,0.7146,0.7233,0.7244,0.7142,,-1.18%
18/08/2021,0.7231,0.725,0.7271,0.7228,,-0.25%
17/08/2021,0.7249,0.7336,0.7343,0.7242,,-1.20%
16/08/2021,0.7337,0.7369,0.7377,0.7319,,-0.43%
13/08/2021,0.7369,0.7337,0.7383,0.7332,,0.48%
12/08/2021,0.7334,0.7374,0.7377,0.7332,,-0.52%
11/08/2021,0.7372,0.7351,0.739,0.7322,,0.30%
10/08/2021,0.735,0.7335,0.7357,0.7315,,0.23%
9/08/2021,0.7333,0.7359,0.7369,0.7327,,-0.27%
6/08/2021,0.7353,0.7408,0.7408,0.7345,,-0.69%
5/08/2021,0.7404,0.7381,0.7416,0.7376,,0.34%
4/08/2021,0.7379,0.7397,0.7427,0.737,,-0.20%
3/08/2021,0.7394,0.7363,0.7409,0.7357,,0.46%
2/08/2021,0.736,0.7341,0.7383,0.7328,,0.22%
30/07/2021,0.7344,0.7394,0.7405,0.733,,-0.69%
29/07/2021,0.7395,0.7377,0.7415,0.7358,,0.26%
28/07/2021,0.7376,0.7362,0.7383,0.7316,,0.22%
27/07/2021,0.736,0.7386,0.739,0.7337,,-0.27%
26/07/2021,0.738,0.7367,0.7391,0.733,,0.22%
23/07/2021,0.7364,0.7382,0.7402,0.7357,,-0.19%
22/07/2021,0.7378,0.7359,0.7398,0.7341,,0.27%
21/07/2021,0.7358,0.7332,0.7363,0.7289,,0.40%
20/07/2021,0.7329,0.7344,0.7358,0.7297,,-0.18%
19/07/2021,0.7342,0.7401,0.7417,0.7322,,-0.81%
16/07/2021,0.7402,0.7428,0.7444,0.7392,,-0.34%
15/07/2021,0.7427,0.748,0.7488,0.7411,,-0.71%
14/07/2021,0.748,0.7449,0.7487,0.7431,,0.46%
13/07/2021,0.7446,0.7475,0.7504,0.7427,,-0.39%
12/07/2021,0.7475,0.7482,0.7497,0.7448,,-0.13%
9/07/2021,0.7485,0.7429,0.7495,0.7409,,0.75%
8/07/2021,0.7429,0.7483,0.749,0.7416,,-0.70%
7/07/2021,0.7481,0.7496,0.7535,0.7462,,-0.21%
6/07/2021,0.7497,0.753,0.76,0.748,,-0.43%
5/07/2021,0.7529,0.7524,0.7538,0.7509,,0.05%
2/07/2021,0.7525,0.747,0.7534,0.7445,,0.75%
1/07/2021,0.7469,0.7498,0.7509,0.7459,,-0.39%
30/06/2021,0.7498,0.7512,0.7528,0.7491,,-0.17%
29/06/2021,0.7511,0.7568,0.7571,0.7506,,-0.74%
28/06/2021,0.7567,0.7588,0.7606,0.7553,,-0.25%
25/06/2021,0.7586,0.7582,0.7617,0.7579,,0.05%
24/06/2021,0.7582,0.7576,0.7592,0.7565,,0.09%
23/06/2021,0.7575,0.7555,0.76,0.7537,,0.29%
22/06/2021,0.7553,0.7533,0.7566,0.7494,,0.24%
21/06/2021,0.7535,0.7484,0.7548,0.7477,,0.78%
18/06/2021,0.7477,0.7553,0.7563,0.7476,,-0.97%
17/06/2021,0.755,0.7611,0.7646,0.7539,,-0.79%
16/06/2021,0.761,0.7688,0.7717,0.7606,,-0.98%
15/06/2021,0.7685,0.7712,0.7717,0.7674,,-0.34%
14/06/2021,0.7711,0.7705,0.7727,0.7692,,0.06%
11/06/2021,0.7706,0.7755,0.7776,0.7688,,-0.59%
10/06/2021,0.7752,0.7732,0.7765,0.7718,,0.30%
9/06/2021,0.7729,0.774,0.7764,0.7724,,-0.14%
8/06/2021,0.774,0.7759,0.7764,0.7732,,-0.17%
7/06/2021,0.7753,0.7742,0.7767,0.7724,,0.21%
4/06/2021,0.7737,0.7659,0.7746,0.765,,1.03%
3/06/2021,0.7658,0.7754,0.7756,0.7645,,-1.21%
2/06/2021,0.7752,0.7756,0.7774,0.7714,,-0.03%
1/06/2021,0.7754,0.7735,0.777,0.7731,,0.26%
31/05/2021,0.7734,0.771,0.7743,0.77,,0.27%
28/05/2021,0.7713,0.7749,0.7749,0.7677,,-0.35%
27/05/2021,0.774,0.774,0.7758,0.7722,,0.01%
26/05/2021,0.7739,0.775,0.7797,0.7731,,-0.14%
25/05/2021,0.775,0.7752,0.7778,0.7732,,-0.03%
24/05/2021,0.7752,0.7732,0.7758,0.7706,,0.27%
21/05/2021,0.7731,0.7776,0.7783,0.7718,,-0.57%
20/05/2021,0.7775,0.7729,0.7782,0.7717,,0.63%
19/05/2021,0.7726,0.7793,0.7799,0.7711,,-0.83%
18/05/2021,0.7791,0.7761,0.7814,0.7759,,0.36%
17/05/2021,0.7763,0.778,0.7792,0.773,,-0.12%
14/05/2021,0.7772,0.7728,0.7789,0.7714,,0.56%
13/05/2021,0.7729,0.7724,0.7747,0.7688,,0.05%
12/05/2021,0.7725,0.7842,0.7848,0.7718,,-1.47%
11/05/2021,0.784,0.7831,0.7857,0.7819,,0.13%
10/05/2021,0.783,0.7848,0.7892,0.7826,,-0.15%
7/05/2021,0.7842,0.7781,0.7863,0.776,,0.81%
6/05/2021,0.7779,0.7747,0.7789,0.77,,0.41%
5/05/2021,0.7747,0.7706,0.7755,0.7704,,0.55%
4/05/2021,0.7705,0.7763,0.7766,0.7675,,-0.72%
3/05/2021,0.7761,0.7717,0.7767,0.7706,,0.58%
30/04/2021,0.7716,0.7765,0.7786,0.7696,,-0.62%
29/04/2021,0.7764,0.7791,0.7818,0.775,,-0.31%
28/04/2021,0.7788,0.7765,0.7803,0.7724,,0.31%
27/04/2021,0.7764,0.7798,0.7806,0.776,,-0.45%
26/04/2021,0.7799,0.7745,0.7817,0.7735,,0.70%
23/04/2021,0.7745,0.7703,0.7761,0.7697,,0.49%
22/04/2021,0.7707,0.7754,0.7765,0.769,,-0.57%
21/04/2021,0.7751,0.7725,0.7763,0.7699,,0.36%
20/04/2021,0.7723,0.7761,0.7817,0.7709,,-0.44%
19/04/2021,0.7757,0.7739,0.7786,0.7705,,0.31%
16/04/2021,0.7733,0.7753,0.776,0.7724,,-0.22%
15/04/2021,0.775,0.7727,0.7763,0.7705,,0.39%
14/04/2021,0.772,0.7641,0.7739,0.7634,,1.07%
13/04/2021,0.7638,0.7624,0.7649,0.7585,,0.21%
12/04/2021,0.7622,0.762,0.7637,0.7595,,0.01%
9/04/2021,0.7621,0.7653,0.7663,0.7588,,-0.41%
8/04/2021,0.7652,0.7617,0.7661,0.7602,,0.50%
7/04/2021,0.7614,0.7663,0.7678,0.76,,-0.63%
6/04/2021,0.7662,0.7652,0.7669,0.7606,,0.17%
5/04/2021,0.7649,0.7604,0.7661,0.7598,,0.57%
2/04/2021,0.7606,0.7617,0.7638,0.7595,,-0.14%
1/04/2021,0.7617,0.7597,0.762,0.7531,,0.28%
31/03/2021,0.7596,0.7597,0.7637,0.7588,,0.03%
30/03/2021,0.7594,0.763,0.7665,0.7584,,-0.47%
29/03/2021,0.763,0.7638,0.7656,0.7614,,-0.08%
26/03/2021,0.7636,0.758,0.7645,0.7574,,0.75%
25/03/2021,0.7579,0.7582,0.7615,0.7563,,-0.04%
24/03/2021,0.7582,0.7622,0.7637,0.758,,-0.52%
23/03/2021,0.7622,0.7746,0.775,0.7617,,-1.58%
22/03/2021,0.7744,0.7725,0.7757,0.7687,,0.03%
19/03/2021,0.7742,0.7759,0.7773,0.7717,,-0.18%
18/03/2021,0.7756,0.7797,0.785,0.7749,,-0.49%
17/03/2021,0.7794,0.7744,0.7811,0.7699,,0.63%
16/03/2021,0.7745,0.7755,0.7761,0.771,,-0.12%
15/03/2021,0.7754,0.7746,0.7776,0.7706,,-0.14%
12/03/2021,0.7765,0.7789,0.7802,0.7724,,-0.28%
11/03/2021,0.7787,0.7735,0.7794,0.7722,,0.69%
10/03/2021,0.7734,0.7717,0.7746,0.7668,,0.30%
9/03/2021,0.7711,0.7652,0.7727,0.762,,0.81%
8/03/2021,0.7649,0.7688,0.7723,0.7635,,-0.48%
5/03/2021,0.7686,0.7729,0.7731,0.7623,,-0.50%
4/03/2021,0.7725,0.7775,0.7816,0.7707,,-0.64%
3/03/2021,0.7775,0.7819,0.7839,0.777,,-0.55%
2/03/2021,0.7818,0.7773,0.7839,0.7735,,0.63%
1/03/2021,0.7769,0.7713,0.7788,0.7699,,0.83%
26/02/2021,0.7705,0.7872,0.7885,0.7692,,-2.12%
25/02/2021,0.7872,0.7968,0.8008,0.7859,,-1.19%
24/02/2021,0.7967,0.7911,0.7974,0.7895,,0.72%
23/02/2021,0.791,0.7917,0.7936,0.7879,,-0.06%
22/02/2021,0.7915,0.7861,0.7929,0.7852,,0.58%
19/02/2021,0.7869,0.7768,0.7878,0.7757,,1.31%
18/02/2021,0.7767,0.7752,0.779,0.7731,,0.23%
17/02/2021,0.7749,0.7758,0.7772,0.7724,,-0.09%
16/02/2021,0.7756,0.7781,0.7807,0.7744,,-0.28%
15/02/2021,0.7778,0.7755,0.779,0.7748,,0.32%
12/02/2021,0.7753,0.7753,0.7765,0.7717,,0.03%
11/02/2021,0.7751,0.7722,0.7772,0.7711,,0.39%
10/02/2021,0.7721,0.7739,0.7757,0.7717,,-0.22%
9/02/2021,0.7738,0.7705,0.7742,0.7699,,0.49%
8/02/2021,0.77,0.7656,0.7715,0.765,,0.30%
5/02/2021,0.7677,0.7601,0.7681,0.7582,,1.03%
4/02/2021,0.7599,0.7618,0.7649,0.7588,,-0.24%
3/02/2021,0.7617,0.7607,0.7628,0.76,,0.14%
2/02/2021,0.7606,0.7621,0.7663,0.7563,,-0.17%
1/02/2021,0.7619,0.764,0.7664,0.7606,,-0.30%
29/01/2021,0.7642,0.7679,0.7706,0.7631,,-0.48%
28/01/2021,0.7679,0.7663,0.7699,0.7592,,0.22%
27/01/2021,0.7662,0.7743,0.7765,0.7643,,-1.05%
26/01/2021,0.7743,0.7714,0.7756,0.7668,,0.45%
25/01/2021,0.7708,0.7723,0.7749,0.7682,,-0.10%
22/01/2021,0.7716,0.7765,0.7771,0.7702,,-0.61%
21/01/2021,0.7763,0.7746,0.7783,0.774,,0.22%
20/01/2021,0.7746,0.7695,0.7761,0.7691,,0.66%
19/01/2021,0.7695,0.7681,0.7727,0.7672,,0.21%
18/01/2021,0.7679,0.7707,0.7717,0.7659,,-0.30%
15/01/2021,0.7702,0.7778,0.7789,0.7681,,-0.96%
14/01/2021,0.7777,0.7733,0.7807,0.7728,,0.58%
13/01/2021,0.7732,0.7772,0.7782,0.7721,,-0.50%
12/01/2021,0.7771,0.7698,0.7778,0.7686,,0.99%
11/01/2021,0.7695,0.7756,0.7772,0.7666,,-0.82%
8/01/2021,0.7759,0.7763,0.78,0.7728,,-0.12%
7/01/2021,0.7768,0.7802,0.7818,0.7724,,-0.42%
6/01/2021,0.7801,0.776,0.7821,0.7732,,0.54%
5/01/2021,0.7759,0.7666,0.7778,0.766,,1.25%
4/01/2021,0.7663,0.7703,0.7742,0.7642,,-0.53%
1/01/2021,0.7704,0.7695,0.7706,0.7692,,0.13%
31/12/2020,0.7694,0.7686,0.7743,0.7678,,0.13%
30/12/2020,0.7684,0.7606,0.7688,0.7602,,1.04%
29/12/2020,0.7605,0.7579,0.7625,0.7577,,0.37%
28/12/2020,0.7577,0.7584,0.7624,0.7556,,-0.29%
25/12/2020,0.7599,0.7597,0.7614,0.7575,,0.04%
24/12/2020,0.7596,0.7574,0.7607,0.7566,,0.32%
23/12/2020,0.7572,0.7523,0.7592,0.7516,,0.68%
22/12/2020,0.7521,0.7584,0.7592,0.7516,,-0.84%
21/12/2020,0.7585,0.7598,0.761,0.7462,,-0.51%
18/12/2020,0.7624,0.7622,0.763,0.7582,,0.04%
17/12/2020,0.7621,0.7577,0.7641,0.7566,,0.59%
16/12/2020,0.7576,0.7559,0.758,0.7538,,0.25%
15/12/2020,0.7557,0.7535,0.7573,0.7506,,0.27%
14/12/2020,0.7537,0.7539,0.758,0.7524,,0.05%
11/12/2020,0.7533,0.7534,0.7574,0.752,,0.00%
10/12/2020,0.7533,0.7449,0.7541,0.7426,,1.18%
9/12/2020,0.7445,0.7412,0.7487,0.7404,,0.46%
8/12/2020,0.7411,0.7422,0.7437,0.7398,,-0.12%
7/12/2020,0.742,0.7435,0.7455,0.7372,,-0.01%
4/12/2020,0.7421,0.7438,0.7445,0.7409,,-0.23%
3/12/2020,0.7438,0.7413,0.7451,0.7397,,0.31%
2/12/2020,0.7415,0.7371,0.7421,0.7351,,0.62%
1/12/2020,0.7369,0.7345,0.7375,0.734,,0.33%
30/11/2020,0.7345,0.7393,0.7408,0.7339,,-0.56%
27/11/2020,0.7386,0.7363,0.7401,0.7351,,0.34%
26/11/2020,0.7361,0.7364,0.7376,0.7352,,-0.03%
25/11/2020,0.7363,0.7359,0.7375,0.7325,,0.04%
24/11/2020,0.736,0.7286,0.7369,0.7283,,1.03%
23/11/2020,0.7285,0.7305,0.7339,0.7265,,-0.23%
20/11/2020,0.7302,0.7288,0.7326,0.7265,,0.21%
19/11/2020,0.7287,0.7305,0.7308,0.7254,,-0.25%
18/11/2020,0.7305,0.7301,0.7333,0.7272,,0.10%
17/11/2020,0.7298,0.7319,0.734,0.7289,,-0.27%
16/11/2020,0.7318,0.7262,0.7327,0.7254,,0.69%
13/11/2020,0.7268,0.7232,0.7275,0.7221,,0.51%
12/11/2020,0.7231,0.7282,0.7294,0.7222,,-0.65%
11/11/2020,0.7278,0.7284,0.7319,0.726,,-0.08%
10/11/2020,0.7284,0.7287,0.7296,0.7252,,-0.01%
9/11/2020,0.7285,0.7255,0.7341,0.7255,,0.41%
6/11/2020,0.7255,0.7283,0.7289,0.7239,,-0.37%
5/11/2020,0.7282,0.7183,0.729,0.7145,,1.52%
4/11/2020,0.7173,0.7164,0.7222,0.7049,,0.18%
3/11/2020,0.716,0.7056,0.7176,0.7027,,1.52%
2/11/2020,0.7053,0.7034,0.7059,0.6991,,0.38%
30/10/2020,0.7026,0.703,0.7074,0.701,,-0.03%
29/10/2020,0.7028,0.7045,0.7078,0.7002,,-0.23%
28/10/2020,0.7044,0.7126,0.7158,0.7038,,-1.18%
27/10/2020,0.7128,0.7124,0.7149,0.7114,,0.08%
26/10/2020,0.7122,0.7129,0.7147,0.7103,,-0.18%
23/10/2020,0.7135,0.7118,0.716,0.71,,0.28%
22/10/2020,0.7115,0.7117,0.7127,0.7085,,-0.03%
21/10/2020,0.7117,0.7048,0.7138,0.7046,,1.01%
20/10/2020,0.7046,0.7068,0.7074,0.702,,-0.30%
19/10/2020,0.7067,0.7088,0.7116,0.7057,,-0.18%
16/10/2020,0.708,0.7094,0.7099,0.707,,-0.17%
15/10/2020,0.7092,0.7162,0.7172,0.7056,,-0.98%
14/10/2020,0.7162,0.716,0.7192,0.7151,,0.03%
13/10/2020,0.716,0.7209,0.7214,0.715,,-0.65%
12/10/2020,0.7207,0.7225,0.7237,0.7203,,-0.44%
9/10/2020,0.7239,0.7168,0.7244,0.716,,1.02%
8/10/2020,0.7166,0.7141,0.7171,0.7122,,0.39%
7/10/2020,0.7138,0.7102,0.7153,0.7096,,0.48%
6/10/2020,0.7104,0.7181,0.721,0.7099,,-1.04%
5/10/2020,0.7179,0.7158,0.7194,0.7154,,0.24%
2/10/2020,0.7162,0.7184,0.719,0.713,,-0.29%
1/10/2020,0.7183,0.7163,0.7211,0.7154,,0.31%
30/09/2020,0.7161,0.713,0.7176,0.7099,,0.48%
29/09/2020,0.7127,0.7071,0.7139,0.7068,,0.81%
28/09/2020,0.707,0.7028,0.7075,0.7009,,0.61%
25/09/2020,0.7027,0.7046,0.7088,0.7006,,-0.26%
24/09/2020,0.7045,0.7072,0.7083,0.7016,,-0.41%
23/09/2020,0.7074,0.7175,0.7179,0.7067,,-1.39%
22/09/2020,0.7174,0.7226,0.7236,0.7153,,-0.68%
21/09/2020,0.7223,0.7307,0.7326,0.7199,,-0.91%
18/09/2020,0.7289,0.7313,0.7335,0.7282,,-0.31%
17/09/2020,0.7312,0.7308,0.7316,0.7254,,0.10%
16/09/2020,0.7305,0.7302,0.7347,0.7278,,0.05%
15/09/2020,0.7301,0.7291,0.7344,0.7266,,0.18%
14/09/2020,0.7288,0.7278,0.7304,0.7264,,0.07%
11/09/2020,0.7283,0.7256,0.7307,0.725,,0.37%
10/09/2020,0.7256,0.7282,0.7326,0.7247,,-0.36%
9/09/2020,0.7282,0.7214,0.7289,0.7192,,0.94%
8/09/2020,0.7214,0.7276,0.7311,0.721,,-0.82%
7/09/2020,0.7274,0.7282,0.73,0.7269,,-0.07%
4/09/2020,0.7279,0.7273,0.73,0.7222,,0.10%
3/09/2020,0.7272,0.7334,0.734,0.7265,,-0.90%
2/09/2020,0.7338,0.7372,0.7383,0.7301,,-0.45%
1/09/2020,0.7371,0.7377,0.7415,0.7358,,-0.05%
31/08/2020,0.7375,0.7357,0.7404,0.734,,0.12%
28/08/2020,0.7366,0.7264,0.7369,0.7254,,1.49%
27/08/2020,0.7258,0.7232,0.7291,0.7217,,0.37%
26/08/2020,0.7231,0.7196,0.7241,0.7186,,0.51%
25/08/2020,0.7194,0.7163,0.7199,0.715,,0.46%
24/08/2020,0.7161,0.7155,0.7206,0.7151,,0.00%
21/08/2020,0.7161,0.7193,0.7217,0.7139,,-0.42%
20/08/2020,0.7191,0.7181,0.7204,0.7135,,0.14%
19/08/2020,0.7181,0.7243,0.7276,0.7179,,-0.81%
18/08/2020,0.724,0.7214,0.7265,0.7208,,0.36%
17/08/2020,0.7214,0.7164,0.7229,0.716,,0.60%
14/08/2020,0.7171,0.7149,0.7176,0.7132,,0.32%
13/08/2020,0.7148,0.716,0.7189,0.7135,,-0.20%
12/08/2020,0.7162,0.7143,0.7177,0.7109,,0.28%
11/08/2020,0.7142,0.7151,0.719,0.7135,,-0.10%
10/08/2020,0.7149,0.7161,0.7185,0.7139,,-0.11%
7/08/2020,0.7157,0.7233,0.7244,0.7144,,-1.05%
6/08/2020,0.7233,0.7192,0.724,0.7174,,0.58%
5/08/2020,0.7191,0.7161,0.7243,0.7153,,0.43%
4/08/2020,0.716,0.7126,0.7168,0.7104,,0.52%
3/08/2020,0.7123,0.7146,0.7155,0.7075,,-0.27%
31/07/2020,0.7142,0.7194,0.7229,0.7132,,-0.71%
30/07/2020,0.7193,0.7185,0.7199,0.712,,0.10%
29/07/2020,0.7186,0.7158,0.7197,0.7148,,0.41%
28/07/2020,0.7157,0.7149,0.7178,0.7113,,0.11%
27/07/2020,0.7149,0.7095,0.7151,0.7085,,0.65%
24/07/2020,0.7103,0.7098,0.7125,0.7063,,0.08%
23/07/2020,0.7097,0.714,0.7163,0.7089,,-0.57%
22/07/2020,0.7138,0.7128,0.7183,0.7111,,0.15%
21/07/2020,0.7127,0.7014,0.7147,0.701,,1.63%
20/07/2020,0.7013,0.6992,0.7018,0.6972,,0.26%
17/07/2020,0.6995,0.6972,0.7006,0.6967,,0.37%
16/07/2020,0.6969,0.7006,0.7013,0.6963,,-0.54%
15/07/2020,0.7007,0.6972,0.7039,0.6969,,0.47%
14/07/2020,0.6974,0.694,0.6978,0.692,,0.50%
13/07/2020,0.6939,0.6952,0.6995,0.6938,,-0.13%
10/07/2020,0.6948,0.6964,0.697,0.6923,,-0.22%
9/07/2020,0.6963,0.6983,0.7002,0.6949,,-0.27%
8/07/2020,0.6982,0.6947,0.6987,0.6927,,0.52%
7/07/2020,0.6946,0.6972,0.6999,0.6921,,-0.39%
6/07/2020,0.6973,0.6935,0.6988,0.6923,,0.52%
3/07/2020,0.6937,0.6921,0.6951,0.6913,,0.22%
2/07/2020,0.6922,0.6916,0.6953,0.6901,,0.12%
1/07/2020,0.6914,0.6903,0.6945,0.6877,,0.17%
30/06/2020,0.6902,0.6865,0.6913,0.6832,,0.55%
29/06/2020,0.6864,0.6864,0.6892,0.6841,,0.06%
26/06/2020,0.686,0.6887,0.6897,0.684,,-0.36%
25/06/2020,0.6885,0.6873,0.6894,0.6847,,0.19%
24/06/2020,0.6872,0.6935,0.6963,0.6862,,-0.82%
23/06/2020,0.6929,0.6909,0.6975,0.6858,,0.35%
22/06/2020,0.6905,0.6841,0.6923,0.6804,,1.07%
19/06/2020,0.6832,0.6851,0.6913,0.6829,,-0.28%
18/06/2020,0.6851,0.6882,0.6903,0.6835,,-0.46%
17/06/2020,0.6883,0.6892,0.6923,0.6852,,-0.01%
16/06/2020,0.6884,0.6919,0.6977,0.6834,,-0.49%
15/06/2020,0.6918,0.6841,0.6927,0.6776,,0.82%
12/06/2020,0.6862,0.6857,0.6913,0.6798,,0.12%
11/06/2020,0.6854,0.6998,0.7006,0.6839,,-2.04%
10/06/2020,0.6997,0.6964,0.7063,0.6931,,0.52%
9/06/2020,0.6961,0.7019,0.7043,0.6898,,-0.83%
8/06/2020,0.7019,0.697,0.7031,0.6961,,0.73%
5/06/2020,0.6968,0.6942,0.7014,0.693,,0.37%
4/06/2020,0.6942,0.6916,0.6988,0.6881,,0.33%
3/06/2020,0.6919,0.6896,0.6985,0.6855,,0.36%
2/06/2020,0.6894,0.6798,0.6899,0.6774,,1.43%
1/06/2020,0.6797,0.6657,0.6805,0.6646,,1.97%
29/05/2020,0.6666,0.6637,0.6684,0.6611,,0.47%
28/05/2020,0.6635,0.6621,0.6668,0.6587,,0.23%
27/05/2020,0.662,0.6653,0.668,0.6569,,-0.47%
26/05/2020,0.6651,0.6544,0.6676,0.6536,,1.64%
25/05/2020,0.6544,0.652,0.6551,0.6518,,0.14%
22/05/2020,0.6535,0.6565,0.6578,0.6506,,-0.44%
21/05/2020,0.6564,0.6597,0.66,0.6548,,-0.50%
20/05/2020,0.6597,0.6538,0.6618,0.6525,,0.93%
19/05/2020,0.6536,0.6523,0.6586,0.651,,0.20%
18/05/2020,0.6523,0.6425,0.6528,0.6409,,1.70%
15/05/2020,0.6414,0.6462,0.6475,0.6401,,-0.73%
14/05/2020,0.6461,0.6452,0.6469,0.6403,,0.11%
13/05/2020,0.6454,0.6473,0.6525,0.6437,,-0.23%
12/05/2020,0.6469,0.649,0.6537,0.6431,,-0.29%
11/05/2020,0.6488,0.6529,0.6563,0.6456,,-0.63%
8/05/2020,0.6529,0.6494,0.6549,0.6492,,0.54%
7/05/2020,0.6494,0.64,0.6507,0.6377,,1.47%
6/05/2020,0.64,0.6431,0.6454,0.6392,,-0.47%
5/05/2020,0.643,0.6429,0.6478,0.6416,,0.06%
4/05/2020,0.6426,0.6421,0.6435,0.6371,,0.12%
1/05/2020,0.6418,0.6511,0.6513,0.6409,,-1.41%
30/04/2020,0.651,0.6557,0.6571,0.6489,,-0.69%
29/04/2020,0.6555,0.6491,0.6558,0.6485,,1.00%
28/04/2020,0.649,0.6465,0.6515,0.6433,,0.40%
27/04/2020,0.6464,0.6387,0.6472,0.6378,,1.24%
24/04/2020,0.6385,0.637,0.6399,0.6336,,0.25%
23/04/2020,0.6369,0.6324,0.6407,0.6283,,0.73%
22/04/2020,0.6323,0.628,0.6352,0.6276,,0.68%
21/04/2020,0.628,0.6336,0.6348,0.6252,,-0.87%
20/04/2020,0.6335,0.6357,0.6399,0.6332,,-0.46%
17/04/2020,0.6364,0.6327,0.6385,0.6313,,0.57%
16/04/2020,0.6328,0.6319,0.6334,0.6264,,0.16%
15/04/2020,0.6318,0.6442,0.6445,0.6283,,-1.89%
14/04/2020,0.644,0.6382,0.6446,0.6374,,0.92%
13/04/2020,0.6381,0.6346,0.641,0.6326,,0.49%
10/04/2020,0.635,0.6341,0.637,0.6313,,0.21%
9/04/2020,0.6337,0.6227,0.6363,0.6194,,1.78%
8/04/2020,0.6226,0.617,0.6246,0.6115,,0.97%
7/04/2020,0.6166,0.6088,0.6209,0.6075,,1.31%
6/04/2020,0.6086,0.6011,0.6107,0.599,,1.52%
3/04/2020,0.5995,0.606,0.6077,0.5979,,-1.06%
2/04/2020,0.6059,0.607,0.612,0.6006,,-0.18%
1/04/2020,0.607,0.6133,0.6174,0.6039,,-1.06%
31/03/2020,0.6135,0.617,0.6215,0.6079,,-0.60%
30/03/2020,0.6172,0.6148,0.6186,0.6112,,0.11%
27/03/2020,0.6165,0.6065,0.6201,0.6022,,1.68%
26/03/2020,0.6063,0.596,0.6089,0.587,,1.76%
25/03/2020,0.5958,0.5957,0.6074,0.5931,,0.02%
24/03/2020,0.5957,0.5832,0.5976,0.5811,,2.23%
23/03/2020,0.5827,0.5799,0.5846,0.5701,,0.50%
20/03/2020,0.5798,0.5742,0.5987,0.5664,,0.99%
19/03/2020,0.5741,0.5771,0.5964,0.5507,,-0.52%
18/03/2020,0.5771,0.5999,0.6029,0.5701,,-3.78%
17/03/2020,0.5998,0.6116,0.615,0.5958,,-1.95%
16/03/2020,0.6117,0.6136,0.6312,0.6079,,-1.05%
13/03/2020,0.6182,0.6236,0.6327,0.6122,,-0.83%
12/03/2020,0.6234,0.6485,0.6493,0.6212,,-3.86%
11/03/2020,0.6484,0.6508,0.654,0.6479,,-0.32%
10/03/2020,0.6505,0.6589,0.6614,0.6463,,-1.23%
9/03/2020,0.6586,0.6622,0.6686,0.632,,-0.98%
6/03/2020,0.6651,0.6613,0.6658,0.6584,,0.57%
5/03/2020,0.6613,0.6627,0.6638,0.6583,,-0.20%
4/03/2020,0.6626,0.6583,0.6629,0.6576,,0.67%
3/03/2020,0.6582,0.6536,0.6647,0.6508,,0.66%
2/03/2020,0.6539,0.6488,0.6569,0.6457,,0.46%
28/02/2020,0.6509,0.6569,0.6586,0.6434,,-0.90%
27/02/2020,0.6568,0.6544,0.6593,0.6542,,0.38%
26/02/2020,0.6543,0.6606,0.6608,0.654,,-0.89%
25/02/2020,0.6602,0.6605,0.6623,0.6585,,-0.03%
24/02/2020,0.6604,0.6629,0.6629,0.6582,,-0.35%
21/02/2020,0.6627,0.6614,0.664,0.6585,,0.18%
20/02/2020,0.6615,0.6674,0.6697,0.6609,,-0.90%
19/02/2020,0.6675,0.6687,0.6708,0.6664,,-0.13%
18/02/2020,0.6684,0.6714,0.6716,0.6672,,-0.43%
17/02/2020,0.6713,0.6712,0.6734,0.6711,,0.00%
14/02/2020,0.6713,0.6718,0.6733,0.6708,,-0.07%
13/02/2020,0.6718,0.6738,0.6746,0.6706,,-0.28%
12/02/2020,0.6737,0.6714,0.6751,0.6711,,0.36%
11/02/2020,0.6713,0.6686,0.6737,0.668,,0.40%
10/02/2020,0.6686,0.668,0.6708,0.6658,,0.21%
7/02/2020,0.6672,0.673,0.6737,0.6661,,-0.86%
6/02/2020,0.673,0.6747,0.6765,0.6726,,-0.22%
5/02/2020,0.6745,0.6739,0.6776,0.6723,,0.12%
4/02/2020,0.6737,0.6692,0.6743,0.6678,,0.69%
3/02/2020,0.6691,0.669,0.6708,0.6681,,0.00%
31/01/2020,0.6691,0.6722,0.673,0.6682,,-0.42%
30/01/2020,0.6719,0.6754,0.6757,0.6699,,-0.50%
29/01/2020,0.6753,0.6762,0.6779,0.6734,,-0.13%
28/01/2020,0.6762,0.6761,0.6766,0.6737,,0.03%
27/01/2020,0.676,0.6816,0.6829,0.6751,,-1.00%
